Datetime,Open,High,Low,Close,Volume
2024-02-12T09:15:00+05:30,21800.8,21825.1,21782.95,21789.4,0
2024-02-12T09:16:00+05:30,21788.65,21788.65,21764.6,21767.3,0
2024-02-12T09:17:00+05:30,21765.9,21780.45,21765.9,21771.8,0
2024-02-12T09:18:00+05:30,21772.65,21796.45,21769.7,21794.55,0
2024-02-12T09:19:00+05:30,21796.75,21830.55,21794.35,21823.25,0
2024-02-12T09:20:00+05:30,21822.6,21823.9,21809.8,21811.3,0
2024-02-12T09:21:00+05:30,21811.05,21812.15,21804.25,21806.95,0
2024-02-12T09:22:00+05:30,21804.5,21808.75,21795.35,21796.25,0
2024-02-12T09:23:00+05:30,21797.55,21797.65,21772.65,21788.25,0
2024-02-12T09:24:00+05:30,21787.5,21787.55,21776.35,21776.35,0
2024-02-12T09:25:00+05:30,21776.4,21785.1,21766.5,21766.9,0
2024-02-12T09:26:00+05:30,21765.85,21780.35,21765.85,21775.1,0
2024-02-12T09:27:00+05:30,21774.4,21780.85,21771.55,21772.5,0
2024-02-12T09:28:00+05:30,21773.3,21784.1,21772.4,21784.1,0
2024-02-12T09:29:00+05:30,21784.05,21805.3,21784.05,21801.0,0
2024-02-12T09:30:00+05:30,21800.95,21808.8,21799.35,21807.85,0
2024-02-12T09:31:00+05:30,21808.7,21810.1,21801.3,21802.2,0
2024-02-12T09:32:00+05:30,21801.85,21805.8,21797.75,21801.8,0
2024-02-12T09:33:00+05:30,21801.45,21802.9,21788.65,21789.5,0
2024-02-12T09:34:00+05:30,21787.45,21801.65,21787.45,21799.6,0
2024-02-12T09:35:00+05:30,21800.5,21813.9,21800.5,21813.9,0
2024-02-12T09:36:00+05:30,21814.2,21817.25,21803.2,21804.65,0
2024-02-12T09:37:00+05:30,21805.3,21811.05,21803.55,21805.95,0
2024-02-12T09:38:00+05:30,21807.35,21807.35,21800.0,21801.45,0
2024-02-12T09:39:00+05:30,21802.35,21805.15,21783.6,21783.6,0
2024-02-12T09:40:00+05:30,21784.05,21786.15,21741.1,21754.15,0
2024-02-12T09:41:00+05:30,21754.95,21769.05,21752.55,21766.95,0
2024-02-12T09:42:00+05:30,21768.35,21769.65,21748.2,21750.05,0
2024-02-12T09:43:00+05:30,21749.25,21751.3,21739.3,21741.15,0
2024-02-12T09:44:00+05:30,21742.35,21751.9,21739.6,21744.65,0
2024-02-12T09:45:00+05:30,21743.85,21748.6,21740.6,21747.9,0
2024-02-12T09:46:00+05:30,21748.25,21748.25,21731.25,21731.6,0
2024-02-12T09:47:00+05:30,21731.15,21741.95,21731.15,21741.75,0
2024-02-12T09:48:00+05:30,21742.7,21747.35,21740.7,21745.35,0
2024-02-12T09:49:00+05:30,21744.65,21746.0,21734.3,21734.55,0
2024-02-12T09:50:00+05:30,21734.75,21742.95,21726.75,21741.4,0
2024-02-12T09:51:00+05:30,21741.8,21747.85,21736.55,21741.6,0
2024-02-12T09:52:00+05:30,21743.4,21749.35,21737.6,21749.1,0
2024-02-12T09:53:00+05:30,21748.0,21757.8,21746.35,21749.4,0
2024-02-12T09:54:00+05:30,21748.8,21751.15,21741.05,21741.05,0
2024-02-12T09:55:00+05:30,21741.55,21741.55,21723.5,21728.3,0
2024-02-12T09:56:00+05:30,21727.95,21727.95,21719.35,21723.65,0
2024-02-12T09:57:00+05:30,21723.55,21732.6,21723.55,21726.95,0
2024-02-12T09:58:00+05:30,21726.5,21734.55,21724.0,21730.85,0
2024-02-12T09:59:00+05:30,21732.1,21732.3,21722.9,21722.9,0
2024-02-12T10:00:00+05:30,21723.7,21727.0,21708.75,21711.1,0
2024-02-12T10:01:00+05:30,21709.85,21709.85,21697.3,21699.3,0
2024-02-12T10:02:00+05:30,21697.95,21709.4,21690.1,21709.4,0
2024-02-12T10:03:00+05:30,21709.45,21721.4,21703.55,21720.7,0
2024-02-12T10:04:00+05:30,21721.9,21722.4,21713.2,21720.15,0
2024-02-12T10:05:00+05:30,21720.6,21727.75,21719.85,21724.2,0
2024-02-12T10:06:00+05:30,21723.9,21726.15,21717.05,21723.65,0
2024-02-12T10:07:00+05:30,21723.95,21723.95,21712.8,21714.25,0
2024-02-12T10:08:00+05:30,21714.35,21716.85,21707.15,21707.15,0
2024-02-12T10:09:00+05:30,21707.6,21708.9,21684.8,21684.8,0
2024-02-12T10:10:00+05:30,21687.0,21687.0,21680.2,21680.2,0
2024-02-12T10:11:00+05:30,21681.4,21684.35,21672.9,21683.45,0
2024-02-12T10:12:00+05:30,21686.25,21707.3,21686.25,21704.5,0
2024-02-12T10:13:00+05:30,21704.1,21704.1,21694.45,21697.0,0
2024-02-12T10:14:00+05:30,21695.25,21702.15,21689.05,21690.25,0
2024-02-12T10:15:00+05:30,21690.0,21690.6,21675.85,21688.9,0
2024-02-12T10:16:00+05:30,21693.5,21707.8,21692.4,21706.95,0
2024-02-12T10:17:00+05:30,21707.5,21715.6,21704.8,21710.05,0
2024-02-12T10:18:00+05:30,21710.45,21716.5,21704.1,21705.05,0
2024-02-12T10:19:00+05:30,21704.85,21705.3,21693.05,21702.1,0
2024-02-12T10:20:00+05:30,21702.95,21707.5,21697.6,21699.6,0
2024-02-12T10:21:00+05:30,21699.95,21702.25,21679.55,21686.4,0
2024-02-12T10:22:00+05:30,21685.75,21688.45,21676.35,21677.0,0
2024-02-12T10:23:00+05:30,21677.45,21677.45,21660.35,21660.35,0
2024-02-12T10:24:00+05:30,21661.4,21664.8,21655.5,21655.75,0
2024-02-12T10:25:00+05:30,21654.55,21665.45,21651.4,21664.15,0
2024-02-12T10:26:00+05:30,21664.25,21664.25,21636.5,21643.1,0
2024-02-12T10:27:00+05:30,21643.85,21644.3,21629.55,21636.85,0
2024-02-12T10:28:00+05:30,21637.25,21660.05,21633.45,21652.85,0
2024-02-12T10:29:00+05:30,21651.55,21661.85,21648.6,21661.85,0
2024-02-12T10:30:00+05:30,21662.05,21664.5,21648.3,21660.65,0
2024-02-12T10:31:00+05:30,21661.65,21671.8,21659.15,21669.2,0
2024-02-12T10:32:00+05:30,21669.35,21677.35,21668.1,21673.0,0
2024-02-12T10:33:00+05:30,21674.25,21676.95,21660.15,21668.4,0
2024-02-12T10:34:00+05:30,21668.3,21673.45,21660.75,21664.5,0
2024-02-12T10:35:00+05:30,21665.15,21668.5,21660.15,21666.2,0
2024-02-12T10:36:00+05:30,21664.1,21673.2,21664.1,21667.5,0
2024-02-12T10:37:00+05:30,21667.8,21680.4,21667.6,21680.4,0
2024-02-12T10:38:00+05:30,21680.55,21683.55,21673.5,21674.8,0
2024-02-12T10:39:00+05:30,21675.25,21681.45,21673.25,21675.45,0
2024-02-12T10:40:00+05:30,21674.95,21674.95,21663.7,21670.7,0
2024-02-12T10:41:00+05:30,21669.5,21671.5,21665.1,21667.75,0
2024-02-12T10:42:00+05:30,21668.05,21673.75,21663.35,21673.15,0
2024-02-12T10:43:00+05:30,21672.55,21682.05,21671.9,21678.05,0
2024-02-12T10:44:00+05:30,21679.35,21681.75,21676.65,21678.25,0
2024-02-12T10:45:00+05:30,21677.85,21677.85,21670.9,21671.25,0
2024-02-12T10:46:00+05:30,21669.65,21684.45,21666.8,21683.7,0
2024-02-12T10:47:00+05:30,21684.05,21685.2,21675.2,21675.5,0
2024-02-12T10:48:00+05:30,21675.15,21677.15,21667.4,21668.5,0
2024-02-12T10:49:00+05:30,21668.15,21668.9,21665.4,21668.0,0
2024-02-12T10:50:00+05:30,21667.85,21667.9,21658.55,21660.4,0
2024-02-12T10:51:00+05:30,21660.9,21666.2,21654.35,21664.95,0
2024-02-12T10:52:00+05:30,21665.85,21675.5,21665.4,21667.1,0
2024-02-12T10:53:00+05:30,21668.2,21672.4,21662.85,21672.4,0
2024-02-12T10:54:00+05:30,21672.2,21681.0,21669.75,21679.3,0
2024-02-12T10:55:00+05:30,21679.35,21679.35,21672.1,21676.15,0
2024-02-12T10:56:00+05:30,21677.0,21677.0,21664.2,21668.9,0
2024-02-12T10:57:00+05:30,21669.7,21673.65,21667.0,21672.1,0
2024-02-12T10:58:00+05:30,21672.5,21691.4,21671.6,21691.4,0
2024-02-12T10:59:00+05:30,21690.5,21693.25,21685.3,21693.2,0
2024-02-12T11:00:00+05:30,21693.45,21696.7,21683.85,21685.95,0
2024-02-12T11:01:00+05:30,21686.4,21701.0,21685.1,21698.25,0
2024-02-12T11:02:00+05:30,21698.1,21698.95,21686.9,21691.55,0
2024-02-12T11:03:00+05:30,21691.2,21691.2,21683.1,21685.0,0
2024-02-12T11:04:00+05:30,21685.15,21687.45,21678.35,21678.35,0
2024-02-12T11:05:00+05:30,21677.1,21680.75,21673.7,21680.2,0
2024-02-12T11:06:00+05:30,21680.15,21681.4,21676.75,21676.85,0
2024-02-12T11:07:00+05:30,21676.7,21684.2,21676.2,21683.9,0
2024-02-12T11:08:00+05:30,21683.65,21695.6,21683.65,21695.25,0
2024-02-12T11:09:00+05:30,21695.45,21709.45,21694.7,21708.25,0
2024-02-12T11:10:00+05:30,21707.3,21713.95,21702.35,21711.6,0
2024-02-12T11:11:00+05:30,21710.15,21717.8,21708.95,21712.95,0
2024-02-12T11:12:00+05:30,21714.0,21716.7,21711.25,21712.65,0
2024-02-12T11:13:00+05:30,21712.2,21714.25,21708.3,21709.6,0
2024-02-12T11:14:00+05:30,21709.85,21719.1,21708.5,21717.3,0
2024-02-12T11:15:00+05:30,21717.15,21719.85,21711.6,21712.35,0
2024-02-12T11:16:00+05:30,21710.9,21725.8,21710.9,21724.0,0
2024-02-12T11:17:00+05:30,21723.7,21725.05,21716.65,21716.65,0
2024-02-12T11:18:00+05:30,21716.6,21716.7,21711.0,21711.45,0
2024-02-12T11:19:00+05:30,21710.85,21711.4,21700.75,21708.75,0
2024-02-12T11:20:00+05:30,21708.45,21709.6,21702.4,21703.85,0
2024-02-12T11:21:00+05:30,21703.15,21712.3,21703.15,21708.4,0
2024-02-12T11:22:00+05:30,21707.4,21714.95,21706.95,21714.4,0
2024-02-12T11:23:00+05:30,21715.1,21719.0,21711.55,21711.75,0
2024-02-12T11:24:00+05:30,21712.2,21721.1,21712.2,21719.75,0
2024-02-12T11:25:00+05:30,21718.95,21723.45,21717.85,21720.15,0
2024-02-12T11:26:00+05:30,21721.5,21721.8,21710.65,21710.65,0
2024-02-12T11:27:00+05:30,21710.45,21717.85,21709.6,21713.35,0
2024-02-12T11:28:00+05:30,21714.4,21720.25,21712.8,21715.85,0
2024-02-12T11:29:00+05:30,21716.35,21720.2,21716.1,21720.2,0
2024-02-12T11:30:00+05:30,21720.7,21725.95,21719.65,21724.55,0
2024-02-12T11:31:00+05:30,21724.7,21728.25,21724.7,21726.5,0
2024-02-12T11:32:00+05:30,21726.75,21727.75,21717.6,21722.45,0
2024-02-12T11:33:00+05:30,21721.95,21721.95,21715.1,21715.1,0
2024-02-12T11:34:00+05:30,21714.6,21715.05,21705.05,21710.55,0
2024-02-12T11:35:00+05:30,21710.65,21712.7,21705.5,21706.8,0
2024-02-12T11:36:00+05:30,21707.4,21712.15,21699.5,21700.15,0
2024-02-12T11:37:00+05:30,21699.75,21699.75,21692.35,21697.6,0
2024-02-12T11:38:00+05:30,21696.55,21698.45,21692.05,21698.45,0
2024-02-12T11:39:00+05:30,21698.9,21705.0,21697.25,21702.25,0
2024-02-12T11:40:00+05:30,21700.8,21706.15,21697.6,21704.9,0
2024-02-12T11:41:00+05:30,21704.8,21704.8,21699.9,21702.05,0
2024-02-12T11:42:00+05:30,21701.35,21702.25,21693.25,21693.25,0
2024-02-12T11:43:00+05:30,21693.05,21698.3,21691.15,21693.25,0
2024-02-12T11:44:00+05:30,21694.1,21696.15,21690.75,21694.9,0
2024-02-12T11:45:00+05:30,21694.5,21695.1,21685.25,21686.65,0
2024-02-12T11:46:00+05:30,21686.1,21690.2,21686.1,21689.3,0
2024-02-12T11:47:00+05:30,21688.9,21691.3,21685.65,21687.25,0
2024-02-12T11:48:00+05:30,21688.95,21692.5,21685.3,21691.75,0
2024-02-12T11:49:00+05:30,21692.7,21695.6,21684.8,21685.75,0
2024-02-12T11:50:00+05:30,21684.15,21686.9,21678.25,21678.3,0
2024-02-12T11:51:00+05:30,21677.45,21683.7,21673.6,21682.95,0
2024-02-12T11:52:00+05:30,21682.2,21682.55,21675.75,21676.95,0
2024-02-12T11:53:00+05:30,21676.8,21682.15,21676.6,21680.45,0
2024-02-12T11:54:00+05:30,21679.7,21687.8,21679.7,21683.9,0
2024-02-12T11:55:00+05:30,21683.75,21687.8,21679.95,21687.8,0
2024-02-12T11:56:00+05:30,21688.05,21692.9,21683.85,21683.95,0
2024-02-12T11:57:00+05:30,21683.5,21691.5,21673.0,21690.4,0
2024-02-12T11:58:00+05:30,21689.75,21689.75,21681.75,21683.65,0
2024-02-12T11:59:00+05:30,21684.55,21687.3,21682.45,21686.2,0
2024-02-12T12:00:00+05:30,21686.9,21688.75,21683.2,21684.95,0
2024-02-12T12:01:00+05:30,21684.0,21685.6,21679.55,21680.0,0
2024-02-12T12:02:00+05:30,21680.95,21681.45,21674.35,21674.7,0
2024-02-12T12:03:00+05:30,21675.05,21676.8,21662.1,21662.1,0
2024-02-12T12:04:00+05:30,21659.45,21664.85,21649.05,21649.55,0
2024-02-12T12:05:00+05:30,21649.6,21654.05,21634.5,21641.0,0
2024-02-12T12:06:00+05:30,21638.25,21642.8,21631.05,21635.6,0
2024-02-12T12:07:00+05:30,21637.3,21642.25,21626.55,21627.45,0
2024-02-12T12:08:00+05:30,21628.05,21630.4,21619.6,21619.7,0
2024-02-12T12:09:00+05:30,21619.25,21625.35,21610.15,21625.3,0
2024-02-12T12:10:00+05:30,21625.5,21640.6,21623.9,21631.6,0
2024-02-12T12:11:00+05:30,21631.4,21635.75,21623.5,21625.75,0
2024-02-12T12:12:00+05:30,21627.6,21636.3,21627.5,21634.75,0
2024-02-12T12:13:00+05:30,21636.45,21641.75,21635.7,21637.1,0
2024-02-12T12:14:00+05:30,21637.45,21642.35,21637.0,21637.2,0
2024-02-12T12:15:00+05:30,21639.05,21646.65,21636.15,21639.2,0
2024-02-12T12:16:00+05:30,21640.3,21648.9,21639.8,21646.65,0
2024-02-12T12:17:00+05:30,21647.55,21658.15,21647.55,21658.15,0
2024-02-12T12:18:00+05:30,21658.95,21666.85,21657.55,21666.65,0
2024-02-12T12:19:00+05:30,21666.8,21671.15,21665.7,21668.8,0
2024-02-12T12:20:00+05:30,21669.1,21680.7,21668.8,21674.25,0
2024-02-12T12:21:00+05:30,21674.9,21678.2,21667.6,21669.0,0
2024-02-12T12:22:00+05:30,21668.7,21670.0,21661.8,21662.8,0
2024-02-12T12:23:00+05:30,21662.45,21670.4,21662.45,21669.45,0
2024-02-12T12:24:00+05:30,21670.6,21671.35,21665.45,21665.45,0
2024-02-12T12:25:00+05:30,21665.25,21667.9,21657.75,21658.5,0
2024-02-12T12:26:00+05:30,21658.55,21659.2,21648.2,21655.35,0
2024-02-12T12:27:00+05:30,21656.2,21656.2,21649.95,21650.75,0
2024-02-12T12:28:00+05:30,21650.25,21659.1,21649.0,21656.65,0
2024-02-12T12:29:00+05:30,21656.95,21667.05,21656.95,21660.6,0
2024-02-12T12:30:00+05:30,21660.75,21669.85,21660.65,21664.15,0
2024-02-12T12:31:00+05:30,21664.95,21677.1,21664.95,21672.8,0
2024-02-12T12:32:00+05:30,21673.05,21675.1,21668.35,21668.35,0
2024-02-12T12:33:00+05:30,21668.3,21668.3,21657.75,21663.55,0
2024-02-12T12:34:00+05:30,21663.3,21666.75,21658.9,21659.1,0
2024-02-12T12:35:00+05:30,21658.9,21663.35,21657.85,21658.4,0
2024-02-12T12:36:00+05:30,21659.2,21665.6,21659.2,21663.0,0
2024-02-12T12:37:00+05:30,21663.3,21669.85,21660.15,21665.0,0
2024-02-12T12:38:00+05:30,21665.5,21673.95,21664.45,21673.7,0
2024-02-12T12:39:00+05:30,21673.95,21675.4,21667.55,21669.3,0
2024-02-12T12:40:00+05:30,21669.0,21672.25,21667.95,21670.15,0
2024-02-12T12:41:00+05:30,21670.05,21670.85,21662.25,21662.9,0
2024-02-12T12:42:00+05:30,21663.05,21669.35,21662.6,21664.1,0
2024-02-12T12:43:00+05:30,21664.65,21672.45,21663.5,21663.5,0
2024-02-12T12:44:00+05:30,21663.8,21667.9,21662.8,21664.4,0
2024-02-12T12:45:00+05:30,21665.45,21672.3,21662.05,21664.85,0
2024-02-12T12:46:00+05:30,21664.45,21665.85,21661.5,21661.7,0
2024-02-12T12:47:00+05:30,21662.65,21662.75,21650.6,21657.2,0
2024-02-12T12:48:00+05:30,21657.8,21658.2,21640.9,21641.55,0
2024-02-12T12:49:00+05:30,21641.25,21643.35,21631.75,21641.95,0
2024-02-12T12:50:00+05:30,21641.9,21642.3,21633.6,21635.0,0
2024-02-12T12:51:00+05:30,21634.45,21649.65,21634.45,21648.7,0
2024-02-12T12:52:00+05:30,21648.9,21651.85,21641.05,21643.3,0
2024-02-12T12:53:00+05:30,21642.3,21645.8,21639.25,21643.15,0
2024-02-12T12:54:00+05:30,21643.0,21648.5,21642.55,21646.2,0
2024-02-12T12:55:00+05:30,21645.8,21647.95,21633.45,21636.25,0
2024-02-12T12:56:00+05:30,21636.35,21639.25,21629.8,21629.8,0
2024-02-12T12:57:00+05:30,21630.65,21633.1,21621.75,21624.1,0
2024-02-12T12:58:00+05:30,21624.15,21628.65,21620.95,21620.95,0
2024-02-12T12:59:00+05:30,21620.75,21628.0,21617.45,21627.95,0
2024-02-12T13:00:00+05:30,21628.0,21628.0,21599.7,21599.7,0
2024-02-12T13:01:00+05:30,21600.5,21603.9,21588.7,21589.45,0
2024-02-12T13:02:00+05:30,21590.6,21593.3,21578.9,21583.75,0
2024-02-12T13:03:00+05:30,21583.55,21592.1,21575.2,21591.75,0
2024-02-12T13:04:00+05:30,21591.55,21599.35,21589.5,21594.95,0
2024-02-12T13:05:00+05:30,21594.8,21596.35,21588.75,21589.8,0
2024-02-12T13:06:00+05:30,21589.75,21601.75,21589.75,21599.85,0
2024-02-12T13:07:00+05:30,21599.75,21605.25,21597.1,21603.2,0
2024-02-12T13:08:00+05:30,21603.55,21608.45,21601.55,21601.55,0
2024-02-12T13:09:00+05:30,21601.7,21612.15,21601.1,21609.55,0
2024-02-12T13:10:00+05:30,21609.25,21614.85,21609.25,21611.15,0
2024-02-12T13:11:00+05:30,21610.65,21617.4,21606.0,21616.4,0
2024-02-12T13:12:00+05:30,21617.0,21621.5,21613.4,21614.35,0
2024-02-12T13:13:00+05:30,21614.65,21624.8,21613.4,21623.4,0
2024-02-12T13:14:00+05:30,21622.45,21623.45,21610.75,21614.5,0
2024-02-12T13:15:00+05:30,21613.85,21615.85,21610.3,21612.55,0
2024-02-12T13:16:00+05:30,21613.25,21620.5,21613.25,21616.85,0
2024-02-12T13:17:00+05:30,21617.2,21622.15,21608.65,21609.8,0
2024-02-12T13:18:00+05:30,21610.1,21610.95,21591.85,21594.2,0
2024-02-12T13:19:00+05:30,21594.35,21608.8,21593.85,21604.85,0
2024-02-12T13:20:00+05:30,21604.3,21605.0,21598.1,21598.95,0
2024-02-12T13:21:00+05:30,21600.45,21604.1,21599.5,21600.5,0
2024-02-12T13:22:00+05:30,21600.35,21603.65,21596.6,21601.25,0
2024-02-12T13:23:00+05:30,21602.65,21602.95,21591.9,21592.05,0
2024-02-12T13:24:00+05:30,21592.7,21600.05,21592.7,21598.75,0
2024-02-12T13:25:00+05:30,21599.15,21609.25,21598.15,21608.9,0
2024-02-12T13:26:00+05:30,21607.3,21609.2,21605.15,21607.35,0
2024-02-12T13:27:00+05:30,21607.25,21619.35,21607.25,21615.3,0
2024-02-12T13:28:00+05:30,21615.7,21620.3,21614.05,21619.95,0
2024-02-12T13:29:00+05:30,21620.95,21627.3,21618.45,21618.85,0
2024-02-12T13:30:00+05:30,21619.1,21623.8,21617.2,21619.55,0
2024-02-12T13:31:00+05:30,21620.3,21624.65,21618.15,21620.65,0
2024-02-12T13:32:00+05:30,21621.7,21634.45,21620.4,21633.3,0
2024-02-12T13:33:00+05:30,21632.85,21649.25,21631.7,21647.4,0
2024-02-12T13:34:00+05:30,21646.95,21653.0,21642.5,21644.15,0
2024-02-12T13:35:00+05:30,21644.75,21659.3,21644.3,21657.25,0
2024-02-12T13:36:00+05:30,21656.8,21660.4,21649.9,21653.75,0
2024-02-12T13:37:00+05:30,21653.45,21660.75,21648.7,21648.7,0
2024-02-12T13:38:00+05:30,21648.5,21652.3,21646.35,21650.4,0
2024-02-12T13:39:00+05:30,21649.2,21649.95,21639.9,21641.85,0
2024-02-12T13:40:00+05:30,21641.75,21644.2,21636.35,21638.2,0
2024-02-12T13:41:00+05:30,21638.5,21640.4,21629.45,21631.6,0
2024-02-12T13:42:00+05:30,21630.9,21637.35,21629.8,21637.35,0
2024-02-12T13:43:00+05:30,21638.15,21638.15,21633.5,21636.3,0
2024-02-12T13:44:00+05:30,21637.2,21638.35,21629.4,21629.65,0
2024-02-12T13:45:00+05:30,21630.35,21638.1,21629.15,21634.8,0
2024-02-12T13:46:00+05:30,21635.3,21647.0,21633.9,21643.65,0
2024-02-12T13:47:00+05:30,21643.95,21645.6,21642.9,21643.2,0
2024-02-12T13:48:00+05:30,21643.35,21645.1,21636.8,21642.45,0
2024-02-12T13:49:00+05:30,21641.9,21648.0,21641.6,21646.85,0
2024-02-12T13:50:00+05:30,21646.75,21649.95,21645.5,21645.7,0
2024-02-12T13:51:00+05:30,21645.6,21647.1,21639.65,21639.75,0
2024-02-12T13:52:00+05:30,21640.35,21642.6,21633.7,21634.75,0
2024-02-12T13:53:00+05:30,21635.8,21637.9,21618.95,21618.95,0
2024-02-12T13:54:00+05:30,21619.5,21623.25,21605.15,21608.05,0
2024-02-12T13:55:00+05:30,21608.2,21622.55,21607.5,21620.85,0
2024-02-12T13:56:00+05:30,21621.6,21636.45,21618.7,21635.3,0
2024-02-12T13:57:00+05:30,21634.85,21641.9,21629.1,21640.8,0
2024-02-12T13:58:00+05:30,21639.45,21645.8,21635.1,21635.1,0
2024-02-12T13:59:00+05:30,21634.7,21641.15,21634.4,21635.45,0
2024-02-12T14:00:00+05:30,21635.15,21646.0,21634.2,21643.7,0
2024-02-12T14:01:00+05:30,21643.45,21651.45,21636.8,21636.9,0
2024-02-12T14:02:00+05:30,21637.6,21653.65,21637.6,21651.15,0
2024-02-12T14:03:00+05:30,21651.45,21658.85,21651.0,21653.7,0
2024-02-12T14:04:00+05:30,21654.55,21658.05,21653.15,21656.55,0
2024-02-12T14:05:00+05:30,21655.9,21665.3,21652.65,21664.8,0
2024-02-12T14:06:00+05:30,21665.8,21668.7,21648.85,21654.1,0
2024-02-12T14:07:00+05:30,21654.75,21657.3,21650.05,21651.95,0
2024-02-12T14:08:00+05:30,21651.4,21653.0,21645.75,21650.85,0
2024-02-12T14:09:00+05:30,21651.15,21656.95,21651.15,21654.4,0
2024-02-12T14:10:00+05:30,21653.9,21661.75,21653.0,21659.8,0
2024-02-12T14:11:00+05:30,21660.2,21669.4,21659.75,21668.4,0
2024-02-12T14:12:00+05:30,21669.45,21669.45,21662.1,21666.95,0
2024-02-12T14:13:00+05:30,21668.85,21685.7,21668.65,21682.35,0
2024-02-12T14:14:00+05:30,21684.05,21691.55,21677.2,21688.35,0
2024-02-12T14:15:00+05:30,21687.85,21697.0,21683.75,21685.75,0
2024-02-12T14:16:00+05:30,21686.45,21693.35,21682.1,21682.15,0
2024-02-12T14:17:00+05:30,21681.0,21687.65,21673.35,21673.35,0
2024-02-12T14:18:00+05:30,21674.4,21680.65,21670.25,21671.1,0
2024-02-12T14:19:00+05:30,21670.8,21674.5,21661.35,21661.35,0
2024-02-12T14:20:00+05:30,21662.85,21671.3,21662.55,21667.75,0
2024-02-12T14:21:00+05:30,21668.2,21670.7,21659.9,21659.9,0
2024-02-12T14:22:00+05:30,21661.1,21661.1,21638.65,21640.05,0
2024-02-12T14:23:00+05:30,21641.3,21649.7,21640.7,21646.55,0
2024-02-12T14:24:00+05:30,21645.35,21648.6,21632.25,21641.3,0
2024-02-12T14:25:00+05:30,21642.2,21644.95,21637.15,21637.15,0
2024-02-12T14:26:00+05:30,21637.25,21643.4,21633.6,21633.6,0
2024-02-12T14:27:00+05:30,21633.95,21642.1,21632.45,21638.25,0
2024-02-12T14:28:00+05:30,21640.75,21646.25,21631.0,21631.0,0
2024-02-12T14:29:00+05:30,21632.7,21637.55,21628.95,21633.45,0
2024-02-12T14:30:00+05:30,21634.5,21647.8,21634.5,21645.95,0
2024-02-12T14:31:00+05:30,21647.35,21665.3,21647.35,21665.3,0
2024-02-12T14:32:00+05:30,21666.1,21666.9,21657.1,21661.1,0
2024-02-12T14:33:00+05:30,21661.25,21661.3,21652.2,21652.2,0
2024-02-12T14:34:00+05:30,21652.55,21667.85,21651.55,21665.1,0
2024-02-12T14:35:00+05:30,21666.25,21669.7,21658.6,21658.6,0
2024-02-12T14:36:00+05:30,21658.05,21662.2,21656.75,21656.95,0
2024-02-12T14:37:00+05:30,21656.9,21657.1,21648.75,21649.2,0
2024-02-12T14:38:00+05:30,21649.8,21650.5,21637.5,21640.65,0
2024-02-12T14:39:00+05:30,21641.1,21643.7,21639.25,21640.1,0
2024-02-12T14:40:00+05:30,21641.0,21647.6,21630.55,21630.55,0
2024-02-12T14:41:00+05:30,21629.85,21640.25,21623.65,21640.25,0
2024-02-12T14:42:00+05:30,21639.05,21651.25,21636.75,21651.25,0
2024-02-12T14:43:00+05:30,21652.1,21656.9,21649.3,21654.05,0
2024-02-12T14:44:00+05:30,21654.5,21654.6,21644.15,21644.6,0
2024-02-12T14:45:00+05:30,21644.2,21647.5,21636.8,21637.15,0
2024-02-12T14:46:00+05:30,21637.8,21649.75,21637.8,21648.2,0
2024-02-12T14:47:00+05:30,21649.55,21652.75,21643.75,21647.3,0
2024-02-12T14:48:00+05:30,21648.6,21649.6,21641.35,21641.45,0
2024-02-12T14:49:00+05:30,21642.95,21642.95,21628.45,21633.3,0
2024-02-12T14:50:00+05:30,21633.85,21642.45,21625.2,21625.65,0
2024-02-12T14:51:00+05:30,21625.85,21636.05,21624.35,21631.9,0
2024-02-12T14:52:00+05:30,21631.35,21631.35,21620.15,21620.55,0
2024-02-12T14:53:00+05:30,21621.85,21626.9,21617.85,21621.35,0
2024-02-12T14:54:00+05:30,21621.1,21624.3,21614.45,21614.45,0
2024-02-12T14:55:00+05:30,21614.3,21625.4,21613.95,21620.4,0
2024-02-12T14:56:00+05:30,21621.15,21626.55,21619.9,21623.7,0
2024-02-12T14:57:00+05:30,21625.05,21626.05,21619.0,21624.6,0
2024-02-12T14:58:00+05:30,21624.95,21627.3,21622.15,21624.15,0
2024-02-12T14:59:00+05:30,21625.25,21625.55,21603.75,21603.85,0
2024-02-12T15:00:00+05:30,21604.95,21630.05,21604.95,21625.8,0
2024-02-12T15:01:00+05:30,21624.6,21654.45,21624.6,21654.4,0
2024-02-12T15:02:00+05:30,21656.05,21657.35,21640.0,21641.5,0
2024-02-12T15:03:00+05:30,21640.8,21651.6,21640.45,21650.6,0
2024-02-12T15:04:00+05:30,21651.25,21653.3,21644.1,21645.6,0
2024-02-12T15:05:00+05:30,21647.05,21649.95,21638.9,21638.9,0
2024-02-12T15:06:00+05:30,21638.95,21650.5,21638.95,21640.3,0
2024-02-12T15:07:00+05:30,21642.15,21647.6,21640.85,21643.6,0
2024-02-12T15:08:00+05:30,21645.55,21649.5,21641.45,21642.45,0
2024-02-12T15:09:00+05:30,21642.75,21644.05,21634.25,21634.25,0
2024-02-12T15:10:00+05:30,21635.95,21638.45,21621.8,21623.0,0
2024-02-12T15:11:00+05:30,21622.75,21626.2,21601.5,21603.7,0
2024-02-12T15:12:00+05:30,21604.2,21606.75,21586.95,21586.95,0
2024-02-12T15:13:00+05:30,21587.65,21603.3,21587.5,21601.75,0
2024-02-12T15:14:00+05:30,21602.4,21604.8,21596.45,21598.0,0
2024-02-12T15:15:00+05:30,21597.6,21601.95,21595.5,21597.95,0
2024-02-12T15:16:00+05:30,21597.5,21598.85,21591.5,21593.35,0
2024-02-12T15:17:00+05:30,21592.75,21593.05,21588.5,21589.95,0
2024-02-12T15:18:00+05:30,21589.25,21592.0,21585.0,21588.4,0
2024-02-12T15:19:00+05:30,21586.75,21591.35,21586.35,21591.2,0
2024-02-12T15:20:00+05:30,21591.4,21601.2,21591.4,21594.7,0
2024-02-12T15:21:00+05:30,21593.95,21607.65,21593.95,21607.05,0
2024-02-12T15:22:00+05:30,21606.75,21618.15,21606.75,21617.35,0
2024-02-12T15:23:00+05:30,21617.3,21619.9,21615.25,21616.3,0
2024-02-12T15:24:00+05:30,21615.7,21627.5,21614.85,21624.55,0
2024-02-12T15:25:00+05:30,21625.1,21632.55,21625.1,21632.55,0
2024-02-12T15:26:00+05:30,21632.0,21632.25,21624.55,21625.4,0
2024-02-12T15:27:00+05:30,21624.05,21624.75,21619.0,21622.7,0
2024-02-12T15:28:00+05:30,21624.65,21625.1,21619.15,21620.1,0
2024-02-12T15:29:00+05:30,21620.4,21620.6,21611.2,21612.6,0
2024-02-13T09:15:00+05:30,21664.3,21678.05,21637.5,21655.55,0
2024-02-13T09:16:00+05:30,21655.8,21667.15,21654.85,21663.6,0
2024-02-13T09:17:00+05:30,21663.55,21663.55,21649.85,21653.4,0
2024-02-13T09:18:00+05:30,21651.55,21651.95,21626.05,21627.3,0
2024-02-13T09:19:00+05:30,21625.85,21664.2,21623.9,21659.9,0
2024-02-13T09:20:00+05:30,21659.2,21662.75,21635.0,21643.55,0
2024-02-13T09:21:00+05:30,21643.85,21647.05,21628.45,21629.2,0
2024-02-13T09:22:00+05:30,21627.65,21627.7,21600.15,21601.9,0
2024-02-13T09:23:00+05:30,21599.0,21599.4,21579.65,21579.65,0
2024-02-13T09:24:00+05:30,21579.1,21633.7,21579.1,21627.05,0
2024-02-13T09:25:00+05:30,21627.0,21633.05,21615.0,21615.0,0
2024-02-13T09:26:00+05:30,21613.6,21624.0,21596.9,21613.65,0
2024-02-13T09:27:00+05:30,21611.45,21619.3,21598.25,21598.5,0
2024-02-13T09:28:00+05:30,21596.85,21598.85,21585.1,21588.0,0
2024-02-13T09:29:00+05:30,21585.15,21588.6,21570.5,21577.7,0
2024-02-13T09:30:00+05:30,21576.45,21606.35,21570.2,21573.65,0
2024-02-13T09:31:00+05:30,21574.7,21576.4,21554.9,21559.05,0
2024-02-13T09:32:00+05:30,21560.1,21561.7,21547.55,21553.7,0
2024-02-13T09:33:00+05:30,21553.25,21554.0,21544.4,21553.55,0
2024-02-13T09:34:00+05:30,21556.65,21605.25,21556.1,21596.0,0
2024-02-13T09:35:00+05:30,21597.45,21607.35,21584.6,21606.15,0
2024-02-13T09:36:00+05:30,21607.75,21635.7,21607.75,21635.7,0
2024-02-13T09:37:00+05:30,21635.65,21636.35,21622.85,21623.8,0
2024-02-13T09:38:00+05:30,21624.75,21637.35,21623.4,21624.95,0
2024-02-13T09:39:00+05:30,21623.8,21640.3,21619.55,21637.0,0
2024-02-13T09:40:00+05:30,21635.7,21644.1,21629.25,21641.0,0
2024-02-13T09:41:00+05:30,21641.3,21642.15,21634.2,21635.35,0
2024-02-13T09:42:00+05:30,21635.65,21636.8,21628.2,21633.3,0
2024-02-13T09:43:00+05:30,21634.85,21634.85,21601.65,21602.1,0
2024-02-13T09:44:00+05:30,21601.8,21631.4,21597.4,21628.4,0
2024-02-13T09:45:00+05:30,21628.45,21628.45,21605.4,21606.55,0
2024-02-13T09:46:00+05:30,21608.1,21616.1,21607.1,21614.75,0
2024-02-13T09:47:00+05:30,21614.4,21621.8,21608.75,21620.45,0
2024-02-13T09:48:00+05:30,21619.5,21620.65,21608.65,21608.8,0
2024-02-13T09:49:00+05:30,21608.45,21608.45,21597.1,21601.95,0
2024-02-13T09:50:00+05:30,21601.1,21619.35,21595.75,21617.65,0
2024-02-13T09:51:00+05:30,21618.4,21623.25,21600.75,21604.3,0
2024-02-13T09:52:00+05:30,21604.9,21615.9,21598.45,21614.75,0
2024-02-13T09:53:00+05:30,21614.55,21618.95,21611.05,21615.6,0
2024-02-13T09:54:00+05:30,21616.8,21636.75,21614.9,21633.15,0
2024-02-13T09:55:00+05:30,21633.95,21652.55,21631.25,21652.0,0
2024-02-13T09:56:00+05:30,21652.1,21659.15,21652.1,21657.1,0
2024-02-13T09:57:00+05:30,21659.5,21670.6,21658.8,21669.35,0
2024-02-13T09:58:00+05:30,21668.1,21677.3,21667.55,21669.1,0
2024-02-13T09:59:00+05:30,21669.45,21678.9,21669.45,21676.75,0
2024-02-13T10:00:00+05:30,21675.6,21682.85,21669.7,21671.95,0
2024-02-13T10:01:00+05:30,21670.35,21671.65,21665.55,21668.0,0
2024-02-13T10:02:00+05:30,21668.4,21668.5,21662.5,21668.2,0
2024-02-13T10:03:00+05:30,21668.8,21668.8,21660.4,21663.0,0
2024-02-13T10:04:00+05:30,21662.3,21672.55,21658.55,21672.55,0
2024-02-13T10:05:00+05:30,21671.55,21682.55,21667.3,21679.6,0
2024-02-13T10:06:00+05:30,21679.05,21692.95,21676.5,21691.6,0
2024-02-13T10:07:00+05:30,21691.75,21691.75,21684.55,21691.0,0
2024-02-13T10:08:00+05:30,21690.0,21690.0,21678.65,21679.55,0
2024-02-13T10:09:00+05:30,21679.4,21704.4,21674.15,21702.95,0
2024-02-13T10:10:00+05:30,21703.3,21716.9,21699.2,21714.0,0
2024-02-13T10:11:00+05:30,21714.15,21717.5,21707.85,21713.8,0
2024-02-13T10:12:00+05:30,21712.75,21716.85,21710.15,21715.7,0
2024-02-13T10:13:00+05:30,21715.85,21722.45,21712.85,21714.1,0
2024-02-13T10:14:00+05:30,21715.5,21719.8,21712.85,21718.45,0
2024-02-13T10:15:00+05:30,21719.5,21724.55,21712.25,21714.25,0
2024-02-13T10:16:00+05:30,21710.9,21713.7,21700.15,21702.65,0
2024-02-13T10:17:00+05:30,21702.0,21711.15,21701.05,21709.1,0
2024-02-13T10:18:00+05:30,21709.65,21716.85,21705.15,21705.3,0
2024-02-13T10:19:00+05:30,21705.1,21705.9,21694.55,21705.9,0
2024-02-13T10:20:00+05:30,21705.85,21705.85,21689.65,21698.85,0
2024-02-13T10:21:00+05:30,21698.1,21711.55,21696.05,21711.55,0
2024-02-13T10:22:00+05:30,21710.5,21710.5,21694.85,21695.5,0
2024-02-13T10:23:00+05:30,21695.95,21702.4,21694.9,21697.7,0
2024-02-13T10:24:00+05:30,21698.2,21699.15,21691.65,21694.2,0
2024-02-13T10:25:00+05:30,21695.0,21696.95,21692.35,21693.8,0
2024-02-13T10:26:00+05:30,21693.55,21697.95,21690.7,21696.3,0
2024-02-13T10:27:00+05:30,21696.6,21710.0,21696.6,21700.4,0
2024-02-13T10:28:00+05:30,21699.7,21706.25,21698.15,21705.4,0
2024-02-13T10:29:00+05:30,21705.15,21712.2,21702.45,21712.15,0
2024-02-13T10:30:00+05:30,21711.8,21713.9,21707.7,21708.8,0
2024-02-13T10:31:00+05:30,21708.15,21709.55,21701.35,21706.3,0
2024-02-13T10:32:00+05:30,21706.75,21710.75,21704.95,21709.25,0
2024-02-13T10:33:00+05:30,21709.7,21711.95,21704.55,21705.2,0
2024-02-13T10:34:00+05:30,21705.35,21713.55,21705.35,21707.3,0
2024-02-13T10:35:00+05:30,21708.15,21709.95,21706.05,21707.8,0
2024-02-13T10:36:00+05:30,21707.5,21710.5,21703.9,21705.95,0
2024-02-13T10:37:00+05:30,21706.0,21708.25,21701.7,21706.55,0
2024-02-13T10:38:00+05:30,21705.35,21720.9,21699.05,21720.9,0
2024-02-13T10:39:00+05:30,21719.8,21722.3,21713.8,21713.8,0
2024-02-13T10:40:00+05:30,21714.0,21714.0,21703.9,21706.0,0
2024-02-13T10:41:00+05:30,21705.2,21707.8,21695.05,21698.45,0
2024-02-13T10:42:00+05:30,21696.9,21705.25,21695.75,21702.85,0
2024-02-13T10:43:00+05:30,21703.85,21710.05,21702.6,21707.15,0
2024-02-13T10:44:00+05:30,21706.95,21716.85,21705.95,21716.75,0
2024-02-13T10:45:00+05:30,21715.0,21717.45,21712.4,21713.75,0
2024-02-13T10:46:00+05:30,21714.4,21716.35,21712.3,21712.4,0
2024-02-13T10:47:00+05:30,21712.7,21716.15,21708.3,21709.45,0
2024-02-13T10:48:00+05:30,21709.85,21717.6,21709.6,21716.5,0
2024-02-13T10:49:00+05:30,21715.95,21717.0,21710.6,21717.0,0
2024-02-13T10:50:00+05:30,21716.6,21726.95,21716.3,21726.0,0
2024-02-13T10:51:00+05:30,21725.05,21740.5,21725.05,21737.25,0
2024-02-13T10:52:00+05:30,21735.55,21740.85,21734.6,21739.9,0
2024-02-13T10:53:00+05:30,21740.75,21746.7,21739.0,21741.1,0
2024-02-13T10:54:00+05:30,21741.55,21744.65,21738.85,21738.85,0
2024-02-13T10:55:00+05:30,21738.15,21741.8,21738.05,21741.8,0
2024-02-13T10:56:00+05:30,21741.3,21742.15,21733.85,21736.45,0
2024-02-13T10:57:00+05:30,21735.65,21735.95,21730.9,21734.2,0
2024-02-13T10:58:00+05:30,21733.75,21733.75,21725.8,21732.9,0
2024-02-13T10:59:00+05:30,21733.15,21734.05,21723.85,21728.15,0
2024-02-13T11:00:00+05:30,21728.65,21728.8,21723.6,21725.05,0
2024-02-13T11:01:00+05:30,21725.3,21725.75,21719.15,21725.75,0
2024-02-13T11:02:00+05:30,21725.1,21730.7,21724.25,21730.05,0
2024-02-13T11:03:00+05:30,21730.75,21733.05,21728.4,21733.05,0
2024-02-13T11:04:00+05:30,21732.2,21735.25,21726.6,21733.65,0
2024-02-13T11:05:00+05:30,21733.0,21744.7,21731.75,21742.0,0
2024-02-13T11:06:00+05:30,21742.7,21747.6,21739.2,21746.05,0
2024-02-13T11:07:00+05:30,21746.5,21746.8,21735.8,21740.5,0
2024-02-13T11:08:00+05:30,21741.75,21744.4,21732.75,21735.55,0
2024-02-13T11:09:00+05:30,21734.45,21741.6,21734.45,21739.35,0
2024-02-13T11:10:00+05:30,21739.4,21746.5,21737.55,21744.1,0
2024-02-13T11:11:00+05:30,21743.9,21744.55,21734.9,21735.7,0
2024-02-13T11:12:00+05:30,21735.2,21756.85,21735.2,21753.75,0
2024-02-13T11:13:00+05:30,21754.25,21762.35,21753.35,21759.85,0
2024-02-13T11:14:00+05:30,21760.05,21765.5,21758.85,21764.35,0
2024-02-13T11:15:00+05:30,21763.1,21766.45,21758.0,21758.25,0
2024-02-13T11:16:00+05:30,21757.7,21757.7,21746.7,21750.45,0
2024-02-13T11:17:00+05:30,21750.8,21754.3,21745.2,21745.2,0
2024-02-13T11:18:00+05:30,21745.55,21745.55,21735.9,21744.3,0
2024-02-13T11:19:00+05:30,21744.4,21744.4,21730.7,21738.85,0
2024-02-13T11:20:00+05:30,21739.75,21745.05,21729.0,21744.3,0
2024-02-13T11:21:00+05:30,21743.8,21743.8,21730.95,21736.4,0
2024-02-13T11:22:00+05:30,21735.3,21735.3,21729.25,21729.25,0
2024-02-13T11:23:00+05:30,21729.95,21730.2,21724.85,21729.3,0
2024-02-13T11:24:00+05:30,21728.95,21732.65,21728.95,21731.65,0
2024-02-13T11:25:00+05:30,21731.2,21734.3,21729.15,21734.2,0
2024-02-13T11:26:00+05:30,21733.7,21737.15,21727.95,21735.25,0
2024-02-13T11:27:00+05:30,21736.3,21741.55,21735.1,21737.45,0
2024-02-13T11:28:00+05:30,21737.5,21737.5,21729.6,21734.7,0
2024-02-13T11:29:00+05:30,21734.5,21734.8,21728.0,21728.45,0
2024-02-13T11:30:00+05:30,21727.85,21728.9,21707.4,21711.6,0
2024-02-13T11:31:00+05:30,21711.45,21722.7,21710.65,21722.7,0
2024-02-13T11:32:00+05:30,21721.6,21731.45,21718.6,21729.55,0
2024-02-13T11:33:00+05:30,21729.7,21736.95,21729.7,21736.95,0
2024-02-13T11:34:00+05:30,21735.45,21736.05,21731.8,21735.3,0
2024-02-13T11:35:00+05:30,21734.15,21736.95,21730.15,21734.85,0
2024-02-13T11:36:00+05:30,21735.55,21735.55,21725.55,21726.45,0
2024-02-13T11:37:00+05:30,21726.9,21726.9,21720.3,21724.5,0
2024-02-13T11:38:00+05:30,21725.2,21725.2,21715.7,21721.25,0
2024-02-13T11:39:00+05:30,21720.3,21721.25,21716.4,21718.0,0
2024-02-13T11:40:00+05:30,21718.4,21718.6,21711.65,21713.5,0
2024-02-13T11:41:00+05:30,21713.95,21713.95,21697.65,21700.35,0
2024-02-13T11:42:00+05:30,21700.5,21705.4,21695.95,21705.15,0
2024-02-13T11:43:00+05:30,21705.5,21710.65,21697.25,21708.45,0
2024-02-13T11:44:00+05:30,21708.2,21708.2,21701.85,21703.9,0
2024-02-13T11:45:00+05:30,21705.25,21706.05,21701.75,21705.9,0
2024-02-13T11:46:00+05:30,21705.6,21713.05,21701.05,21703.35,0
2024-02-13T11:47:00+05:30,21703.15,21705.8,21701.55,21703.05,0
2024-02-13T11:48:00+05:30,21702.8,21705.2,21699.6,21702.6,0
2024-02-13T11:49:00+05:30,21702.25,21703.05,21698.8,21703.0,0
2024-02-13T11:50:00+05:30,21702.65,21715.85,21699.9,21712.95,0
2024-02-13T11:51:00+05:30,21712.75,21724.75,21712.75,21717.4,0
2024-02-13T11:52:00+05:30,21717.05,21723.45,21715.05,21722.85,0
2024-02-13T11:53:00+05:30,21722.1,21724.55,21718.45,21721.9,0
2024-02-13T11:54:00+05:30,21721.8,21732.95,21720.9,21727.6,0
2024-02-13T11:55:00+05:30,21727.9,21730.25,21724.8,21728.35,0
2024-02-13T11:56:00+05:30,21729.25,21735.15,21728.3,21734.3,0
2024-02-13T11:57:00+05:30,21734.15,21735.85,21730.5,21732.95,0
2024-02-13T11:58:00+05:30,21733.55,21733.55,21727.95,21729.35,0
2024-02-13T11:59:00+05:30,21729.9,21731.2,21721.1,21723.8,0
2024-02-13T12:00:00+05:30,21723.55,21723.75,21716.0,21717.65,0
2024-02-13T12:01:00+05:30,21718.1,21726.6,21716.4,21723.9,0
2024-02-13T12:02:00+05:30,21723.25,21726.5,21716.3,21723.75,0
2024-02-13T12:03:00+05:30,21721.25,21721.55,21702.35,21702.35,0
2024-02-13T12:04:00+05:30,21696.3,21704.0,21689.5,21690.8,0
2024-02-13T12:05:00+05:30,21691.45,21692.85,21683.6,21683.6,0
2024-02-13T12:06:00+05:30,21683.8,21696.15,21680.85,21696.15,0
2024-02-13T12:07:00+05:30,21695.0,21695.9,21687.95,21688.35,0
2024-02-13T12:08:00+05:30,21688.8,21692.65,21687.95,21689.45,0
2024-02-13T12:09:00+05:30,21687.85,21689.35,21682.15,21687.1,0
2024-02-13T12:10:00+05:30,21685.5,21685.85,21680.4,21684.3,0
2024-02-13T12:11:00+05:30,21683.95,21696.0,21683.3,21695.25,0
2024-02-13T12:12:00+05:30,21694.9,21697.2,21689.8,21691.4,0
2024-02-13T12:13:00+05:30,21690.7,21690.7,21667.4,21671.0,0
2024-02-13T12:14:00+05:30,21671.9,21671.9,21646.9,21646.9,0
2024-02-13T12:15:00+05:30,21648.3,21648.6,21640.25,21647.6,0
2024-02-13T12:16:00+05:30,21646.15,21662.45,21643.95,21660.0,0
2024-02-13T12:17:00+05:30,21660.2,21661.05,21652.6,21654.85,0
2024-02-13T12:18:00+05:30,21654.55,21666.15,21654.55,21664.65,0
2024-02-13T12:19:00+05:30,21665.0,21671.05,21662.45,21664.55,0
2024-02-13T12:20:00+05:30,21662.95,21668.25,21659.6,21664.25,0
2024-02-13T12:21:00+05:30,21664.2,21664.8,21658.55,21664.2,0
2024-02-13T12:22:00+05:30,21663.5,21672.85,21663.5,21668.2,0
2024-02-13T12:23:00+05:30,21667.45,21672.6,21660.55,21663.35,0
2024-02-13T12:24:00+05:30,21662.7,21670.3,21660.85,21666.7,0
2024-02-13T12:25:00+05:30,21666.4,21666.85,21649.5,21653.95,0
2024-02-13T12:26:00+05:30,21656.7,21656.7,21650.6,21656.4,0
2024-02-13T12:27:00+05:30,21656.35,21656.55,21650.65,21655.0,0
2024-02-13T12:28:00+05:30,21653.8,21653.8,21635.05,21636.05,0
2024-02-13T12:29:00+05:30,21636.95,21642.75,21627.85,21638.7,0
2024-02-13T12:30:00+05:30,21638.4,21641.95,21630.15,21630.25,0
2024-02-13T12:31:00+05:30,21630.55,21636.2,21628.05,21628.85,0
2024-02-13T12:32:00+05:30,21629.85,21641.1,21629.3,21637.1,0
2024-02-13T12:33:00+05:30,21637.15,21644.0,21637.15,21643.85,0
2024-02-13T12:34:00+05:30,21642.95,21654.45,21642.95,21653.6,0
2024-02-13T12:35:00+05:30,21654.75,21654.75,21642.5,21642.9,0
2024-02-13T12:36:00+05:30,21642.55,21643.15,21623.0,21625.1,0
2024-02-13T12:37:00+05:30,21625.65,21630.35,21622.8,21628.3,0
2024-02-13T12:38:00+05:30,21628.2,21645.65,21625.0,21643.8,0
2024-02-13T12:39:00+05:30,21642.85,21661.8,21642.0,21656.75,0
2024-02-13T12:40:00+05:30,21655.4,21658.9,21649.65,21655.15,0
2024-02-13T12:41:00+05:30,21656.25,21658.05,21646.0,21646.0,0
2024-02-13T12:42:00+05:30,21647.05,21653.65,21644.25,21653.45,0
2024-02-13T12:43:00+05:30,21650.85,21650.85,21639.7,21642.65,0
2024-02-13T12:44:00+05:30,21641.35,21645.85,21638.15,21641.6,0
2024-02-13T12:45:00+05:30,21641.3,21645.25,21640.35,21644.8,0
2024-02-13T12:46:00+05:30,21645.8,21658.25,21644.9,21656.45,0
2024-02-13T12:47:00+05:30,21655.95,21655.95,21640.35,21642.0,0
2024-02-13T12:48:00+05:30,21642.55,21645.05,21637.85,21643.0,0
2024-02-13T12:49:00+05:30,21643.55,21649.15,21640.6,21646.65,0
2024-02-13T12:50:00+05:30,21646.45,21651.15,21644.35,21651.15,0
2024-02-13T12:51:00+05:30,21651.55,21657.6,21648.85,21650.3,0
2024-02-13T12:52:00+05:30,21650.05,21657.25,21650.05,21656.7,0
2024-02-13T12:53:00+05:30,21656.5,21664.9,21654.4,21664.5,0
2024-02-13T12:54:00+05:30,21664.25,21670.05,21658.25,21659.7,0
2024-02-13T12:55:00+05:30,21660.3,21668.55,21659.1,21662.45,0
2024-02-13T12:56:00+05:30,21662.15,21663.45,21656.55,21657.9,0
2024-02-13T12:57:00+05:30,21656.85,21659.1,21651.95,21656.6,0
2024-02-13T12:58:00+05:30,21655.6,21668.95,21653.9,21665.0,0
2024-02-13T12:59:00+05:30,21664.5,21690.4,21664.5,21687.45,0
2024-02-13T13:00:00+05:30,21689.15,21715.05,21687.2,21714.25,0
2024-02-13T13:01:00+05:30,21713.15,21720.05,21710.7,21715.65,0
2024-02-13T13:02:00+05:30,21715.15,21715.15,21708.05,21714.75,0
2024-02-13T13:03:00+05:30,21714.15,21715.55,21705.1,21706.2,0
2024-02-13T13:04:00+05:30,21706.3,21708.65,21701.5,21704.3,0
2024-02-13T13:05:00+05:30,21705.0,21708.7,21698.6,21699.0,0
2024-02-13T13:06:00+05:30,21699.05,21699.6,21695.0,21697.2,0
2024-02-13T13:07:00+05:30,21696.35,21696.55,21685.15,21686.6,0
2024-02-13T13:08:00+05:30,21687.55,21695.15,21686.3,21690.15,0
2024-02-13T13:09:00+05:30,21690.4,21693.3,21685.6,21688.35,0
2024-02-13T13:10:00+05:30,21688.0,21698.1,21681.5,21696.3,0
2024-02-13T13:11:00+05:30,21695.9,21695.9,21690.3,21694.55,0
2024-02-13T13:12:00+05:30,21693.75,21703.35,21693.75,21701.1,0
2024-02-13T13:13:00+05:30,21699.6,21702.1,21683.1,21683.1,0
2024-02-13T13:14:00+05:30,21682.75,21689.75,21681.0,21686.05,0
2024-02-13T13:15:00+05:30,21685.15,21688.8,21683.9,21683.9,0
2024-02-13T13:16:00+05:30,21684.2,21685.9,21680.35,21684.7,0
2024-02-13T13:17:00+05:30,21683.35,21694.3,21680.2,21693.5,0
2024-02-13T13:18:00+05:30,21693.05,21698.35,21688.4,21690.65,0
2024-02-13T13:19:00+05:30,21690.4,21691.75,21684.55,21690.7,0
2024-02-13T13:20:00+05:30,21688.95,21694.4,21688.1,21690.3,0
2024-02-13T13:21:00+05:30,21689.2,21696.5,21685.3,21694.35,0
2024-02-13T13:22:00+05:30,21695.85,21695.9,21689.05,21691.15,0
2024-02-13T13:23:00+05:30,21691.8,21697.25,21687.75,21688.85,0
2024-02-13T13:24:00+05:30,21688.5,21698.35,21686.6,21694.8,0
2024-02-13T13:25:00+05:30,21693.7,21700.95,21690.9,21694.8,0
2024-02-13T13:26:00+05:30,21696.0,21701.45,21691.4,21701.45,0
2024-02-13T13:27:00+05:30,21700.1,21715.8,21700.1,21711.4,0
2024-02-13T13:28:00+05:30,21710.4,21716.6,21708.45,21715.9,0
2024-02-13T13:29:00+05:30,21715.15,21716.55,21708.6,21711.65,0
2024-02-13T13:30:00+05:30,21711.9,21714.5,21707.6,21711.8,0
2024-02-13T13:31:00+05:30,21710.6,21713.0,21708.2,21710.0,0
2024-02-13T13:32:00+05:30,21709.95,21718.25,21707.55,21716.85,0
2024-02-13T13:33:00+05:30,21716.3,21718.3,21713.45,21718.0,0
2024-02-13T13:34:00+05:30,21718.25,21732.25,21716.25,21732.25,0
2024-02-13T13:35:00+05:30,21731.45,21732.75,21720.15,21721.2,0
2024-02-13T13:36:00+05:30,21720.3,21725.85,21718.1,21725.35,0
2024-02-13T13:37:00+05:30,21725.55,21735.5,21724.3,21733.65,0
2024-02-13T13:38:00+05:30,21731.85,21742.3,21730.3,21739.65,0
2024-02-13T13:39:00+05:30,21739.95,21742.1,21730.65,21731.05,0
2024-02-13T13:40:00+05:30,21730.75,21736.5,21724.1,21734.35,0
2024-02-13T13:41:00+05:30,21734.0,21739.35,21728.8,21732.05,0
2024-02-13T13:42:00+05:30,21731.45,21733.55,21726.5,21728.05,0
2024-02-13T13:43:00+05:30,21727.85,21732.3,21725.65,21729.15,0
2024-02-13T13:44:00+05:30,21728.95,21737.35,21728.95,21734.1,0
2024-02-13T13:45:00+05:30,21733.9,21743.05,21733.9,21740.45,0
2024-02-13T13:46:00+05:30,21740.7,21742.1,21735.05,21735.2,0
2024-02-13T13:47:00+05:30,21734.6,21736.5,21722.45,21730.1,0
2024-02-13T13:48:00+05:30,21729.85,21729.85,21721.4,21725.9,0
2024-02-13T13:49:00+05:30,21725.55,21728.9,21722.1,21725.4,0
2024-02-13T13:50:00+05:30,21724.65,21736.2,21723.7,21734.25,0
2024-02-13T13:51:00+05:30,21733.05,21734.95,21723.05,21723.05,0
2024-02-13T13:52:00+05:30,21722.2,21729.15,21722.2,21727.2,0
2024-02-13T13:53:00+05:30,21727.45,21739.2,21725.9,21738.2,0
2024-02-13T13:54:00+05:30,21738.05,21745.8,21737.2,21738.95,0
2024-02-13T13:55:00+05:30,21738.85,21743.75,21735.5,21737.55,0
2024-02-13T13:56:00+05:30,21737.2,21743.9,21737.2,21740.35,0
2024-02-13T13:57:00+05:30,21740.15,21743.65,21737.3,21739.7,0
2024-02-13T13:58:00+05:30,21740.35,21740.35,21731.85,21733.65,0
2024-02-13T13:59:00+05:30,21733.55,21736.9,21730.55,21735.3,0
2024-02-13T14:00:00+05:30,21735.75,21744.6,21733.1,21741.1,0
2024-02-13T14:01:00+05:30,21741.0,21749.7,21740.8,21745.75,0
2024-02-13T14:02:00+05:30,21745.25,21747.0,21736.1,21738.0,0
2024-02-13T14:03:00+05:30,21737.65,21746.25,21733.85,21744.45,0
2024-02-13T14:04:00+05:30,21743.3,21746.05,21739.15,21742.8,0
2024-02-13T14:05:00+05:30,21743.0,21761.7,21742.4,21761.2,0
2024-02-13T14:06:00+05:30,21762.3,21764.15,21759.4,21762.5,0
2024-02-13T14:07:00+05:30,21762.35,21763.55,21756.8,21757.7,0
2024-02-13T14:08:00+05:30,21758.8,21761.5,21744.05,21745.2,0
2024-02-13T14:09:00+05:30,21744.8,21751.05,21744.8,21748.7,0
2024-02-13T14:10:00+05:30,21748.75,21750.8,21742.45,21742.45,0
2024-02-13T14:11:00+05:30,21741.8,21742.45,21723.9,21723.9,0
2024-02-13T14:12:00+05:30,21725.1,21730.15,21719.0,21724.95,0
2024-02-13T14:13:00+05:30,21725.0,21728.75,21721.55,21723.3,0
2024-02-13T14:14:00+05:30,21723.55,21728.3,21722.55,21728.3,0
2024-02-13T14:15:00+05:30,21728.45,21730.5,21722.65,21724.15,0
2024-02-13T14:16:00+05:30,21722.55,21722.55,21706.6,21711.8,0
2024-02-13T14:17:00+05:30,21710.9,21721.3,21710.25,21714.7,0
2024-02-13T14:18:00+05:30,21714.3,21722.4,21712.95,21718.75,0
2024-02-13T14:19:00+05:30,21718.55,21720.7,21714.35,21717.8,0
2024-02-13T14:20:00+05:30,21716.75,21720.15,21712.75,21717.95,0
2024-02-13T14:21:00+05:30,21717.7,21726.75,21714.95,21720.8,0
2024-02-13T14:22:00+05:30,21720.6,21720.6,21714.2,21719.1,0
2024-02-13T14:23:00+05:30,21718.35,21724.6,21717.7,21718.65,0
2024-02-13T14:24:00+05:30,21718.05,21728.6,21716.85,21725.55,0
2024-02-13T14:25:00+05:30,21724.55,21733.05,21722.7,21731.95,0
2024-02-13T14:26:00+05:30,21731.6,21745.2,21727.9,21741.1,0
2024-02-13T14:27:00+05:30,21741.0,21744.85,21737.8,21744.7,0
2024-02-13T14:28:00+05:30,21743.85,21743.85,21734.0,21742.15,0
2024-02-13T14:29:00+05:30,21739.35,21747.55,21738.0,21742.0,0
2024-02-13T14:30:00+05:30,21742.4,21750.05,21740.65,21742.95,0
2024-02-13T14:31:00+05:30,21744.05,21749.9,21741.1,21742.6,0
2024-02-13T14:32:00+05:30,21741.75,21746.9,21740.85,21745.7,0
2024-02-13T14:33:00+05:30,21745.95,21756.15,21745.95,21747.95,0
2024-02-13T14:34:00+05:30,21748.9,21751.95,21745.2,21747.1,0
2024-02-13T14:35:00+05:30,21747.6,21754.35,21746.15,21747.7,0
2024-02-13T14:36:00+05:30,21747.55,21747.55,21739.1,21740.35,0
2024-02-13T14:37:00+05:30,21740.05,21743.4,21737.55,21739.7,0
2024-02-13T14:38:00+05:30,21739.65,21739.65,21730.3,21735.5,0
2024-02-13T14:39:00+05:30,21735.1,21735.5,21721.25,21722.3,0
2024-02-13T14:40:00+05:30,21722.65,21730.15,21716.45,21719.5,0
2024-02-13T14:41:00+05:30,21719.55,21733.85,21715.0,21729.95,0
2024-02-13T14:42:00+05:30,21730.4,21733.95,21727.05,21729.8,0
2024-02-13T14:43:00+05:30,21730.35,21737.85,21729.45,21732.1,0
2024-02-13T14:44:00+05:30,21731.6,21732.0,21714.8,21715.1,0
2024-02-13T14:45:00+05:30,21714.75,21720.95,21712.8,21718.75,0
2024-02-13T14:46:00+05:30,21718.4,21718.9,21711.4,21714.2,0
2024-02-13T14:47:00+05:30,21714.25,21720.35,21711.9,21714.95,0
2024-02-13T14:48:00+05:30,21714.65,21715.05,21705.4,21706.9,0
2024-02-13T14:49:00+05:30,21707.95,21714.6,21707.95,21713.65,0
2024-02-13T14:50:00+05:30,21717.5,21720.25,21710.6,21712.4,0
2024-02-13T14:51:00+05:30,21712.65,21727.05,21712.65,21722.45,0
2024-02-13T14:52:00+05:30,21721.4,21734.15,21719.75,21733.15,0
2024-02-13T14:53:00+05:30,21734.05,21735.15,21721.2,21733.4,0
2024-02-13T14:54:00+05:30,21733.55,21738.55,21730.95,21737.4,0
2024-02-13T14:55:00+05:30,21738.55,21742.6,21734.85,21735.35,0
2024-02-13T14:56:00+05:30,21734.65,21741.75,21734.3,21738.6,0
2024-02-13T14:57:00+05:30,21738.05,21740.25,21733.25,21736.9,0
2024-02-13T14:58:00+05:30,21737.45,21737.45,21729.7,21731.65,0
2024-02-13T14:59:00+05:30,21730.65,21736.55,21729.2,21733.25,0
2024-02-13T15:00:00+05:30,21733.85,21750.5,21732.6,21749.7,0
2024-02-13T15:01:00+05:30,21748.7,21748.7,21740.65,21747.2,0
2024-02-13T15:02:00+05:30,21747.15,21752.2,21745.0,21751.05,0
2024-02-13T15:03:00+05:30,21750.4,21754.15,21743.45,21743.95,0
2024-02-13T15:04:00+05:30,21742.4,21743.7,21729.35,21737.35,0
2024-02-13T15:05:00+05:30,21736.85,21742.25,21734.1,21735.25,0
2024-02-13T15:06:00+05:30,21735.5,21740.8,21735.4,21736.7,0
2024-02-13T15:07:00+05:30,21737.15,21747.1,21735.9,21744.1,0
2024-02-13T15:08:00+05:30,21743.9,21749.1,21742.55,21749.1,0
2024-02-13T15:09:00+05:30,21748.25,21752.05,21745.15,21750.0,0
2024-02-13T15:10:00+05:30,21751.7,21754.25,21748.9,21750.7,0
2024-02-13T15:11:00+05:30,21749.25,21757.1,21747.3,21756.25,0
2024-02-13T15:12:00+05:30,21755.25,21755.85,21752.6,21754.8,0
2024-02-13T15:13:00+05:30,21755.1,21756.95,21751.9,21755.95,0
2024-02-13T15:14:00+05:30,21755.8,21761.55,21753.75,21753.9,0
2024-02-13T15:15:00+05:30,21754.15,21754.85,21746.35,21752.25,0
2024-02-13T15:16:00+05:30,21752.85,21758.3,21752.85,21757.35,0
2024-02-13T15:17:00+05:30,21755.45,21757.4,21753.2,21754.55,0
2024-02-13T15:18:00+05:30,21753.9,21757.8,21751.25,21753.7,0
2024-02-13T15:19:00+05:30,21752.85,21755.55,21749.1,21749.45,0
2024-02-13T15:20:00+05:30,21749.7,21751.45,21735.6,21739.85,0
2024-02-13T15:21:00+05:30,21738.3,21741.6,21736.65,21739.55,0
2024-02-13T15:22:00+05:30,21739.95,21740.45,21734.0,21735.05,0
2024-02-13T15:23:00+05:30,21734.4,21742.3,21734.4,21738.85,0
2024-02-13T15:24:00+05:30,21739.0,21743.95,21736.95,21742.85,0
2024-02-13T15:25:00+05:30,21743.2,21743.5,21736.2,21737.2,0
2024-02-13T15:26:00+05:30,21736.05,21739.3,21734.05,21734.45,0
2024-02-13T15:27:00+05:30,21734.0,21735.1,21724.95,21726.0,0
2024-02-13T15:28:00+05:30,21725.05,21727.75,21718.25,21724.95,0
2024-02-13T15:29:00+05:30,21723.15,21730.95,21717.75,21728.0,0
2024-02-14T09:15:00+05:30,21578.15,21596.65,21553.7,21562.65,0
2024-02-14T09:16:00+05:30,21562.55,21579.5,21562.0,21571.1,0
2024-02-14T09:17:00+05:30,21569.9,21573.0,21559.85,21573.0,0
2024-02-14T09:18:00+05:30,21571.65,21596.8,21570.45,21593.65,0
2024-02-14T09:19:00+05:30,21596.6,21599.9,21585.9,21585.9,0
2024-02-14T09:20:00+05:30,21586.3,21587.05,21576.05,21583.85,0
2024-02-14T09:21:00+05:30,21584.0,21588.7,21577.35,21585.2,0
2024-02-14T09:22:00+05:30,21585.55,21585.55,21561.55,21563.8,0
2024-02-14T09:23:00+05:30,21564.4,21571.25,21553.85,21570.85,0
2024-02-14T09:24:00+05:30,21569.45,21582.85,21565.15,21569.15,0
2024-02-14T09:25:00+05:30,21569.2,21569.2,21554.2,21554.45,0
2024-02-14T09:26:00+05:30,21552.15,21557.05,21551.05,21551.9,0
2024-02-14T09:27:00+05:30,21551.55,21551.55,21533.9,21545.35,0
2024-02-14T09:28:00+05:30,21545.75,21564.6,21541.15,21564.2,0
2024-02-14T09:29:00+05:30,21563.0,21565.05,21555.3,21563.8,0
2024-02-14T09:30:00+05:30,21563.4,21563.6,21531.9,21534.1,0
2024-02-14T09:31:00+05:30,21533.65,21549.1,21530.9,21545.75,0
2024-02-14T09:32:00+05:30,21545.65,21554.6,21545.65,21546.95,0
2024-02-14T09:33:00+05:30,21546.1,21547.3,21536.6,21544.5,0
2024-02-14T09:34:00+05:30,21546.05,21548.85,21535.7,21541.05,0
2024-02-14T09:35:00+05:30,21540.65,21549.2,21538.85,21549.2,0
2024-02-14T09:36:00+05:30,21548.85,21562.2,21547.3,21549.85,0
2024-02-14T09:37:00+05:30,21549.7,21562.65,21549.35,21562.65,0
2024-02-14T09:38:00+05:30,21562.9,21581.45,21562.9,21580.6,0
2024-02-14T09:39:00+05:30,21580.75,21595.0,21580.75,21588.2,0
2024-02-14T09:40:00+05:30,21585.9,21587.7,21570.25,21574.95,0
2024-02-14T09:41:00+05:30,21575.55,21575.55,21561.25,21561.25,0
2024-02-14T09:42:00+05:30,21563.0,21564.55,21553.55,21563.85,0
2024-02-14T09:43:00+05:30,21564.9,21569.25,21557.3,21569.25,0
2024-02-14T09:44:00+05:30,21570.5,21577.85,21563.5,21576.6,0
2024-02-14T09:45:00+05:30,21578.25,21579.9,21558.9,21559.7,0
2024-02-14T09:46:00+05:30,21560.4,21571.1,21558.6,21568.55,0
2024-02-14T09:47:00+05:30,21570.6,21571.9,21559.85,21565.95,0
2024-02-14T09:48:00+05:30,21567.5,21569.2,21559.0,21567.5,0
2024-02-14T09:49:00+05:30,21567.65,21578.6,21564.05,21576.95,0
2024-02-14T09:50:00+05:30,21577.05,21577.9,21569.15,21571.3,0
2024-02-14T09:51:00+05:30,21570.85,21597.3,21568.75,21595.15,0
2024-02-14T09:52:00+05:30,21596.05,21597.5,21585.6,21587.2,0
2024-02-14T09:53:00+05:30,21587.9,21605.1,21587.9,21604.9,0
2024-02-14T09:54:00+05:30,21605.2,21608.05,21591.75,21592.85,0
2024-02-14T09:55:00+05:30,21591.95,21604.15,21590.15,21603.5,0
2024-02-14T09:56:00+05:30,21603.35,21603.35,21597.8,21600.15,0
2024-02-14T09:57:00+05:30,21601.1,21605.85,21599.95,21605.7,0
2024-02-14T09:58:00+05:30,21605.85,21609.1,21604.4,21607.3,0
2024-02-14T09:59:00+05:30,21606.25,21607.0,21598.35,21600.1,0
2024-02-14T10:00:00+05:30,21599.75,21612.85,21595.75,21612.8,0
2024-02-14T10:01:00+05:30,21613.2,21616.25,21607.7,21610.2,0
2024-02-14T10:02:00+05:30,21610.0,21619.05,21608.65,21617.2,0
2024-02-14T10:03:00+05:30,21618.15,21621.35,21600.65,21600.75,0
2024-02-14T10:04:00+05:30,21599.95,21600.85,21576.4,21578.0,0
2024-02-14T10:05:00+05:30,21578.1,21588.0,21570.6,21586.05,0
2024-02-14T10:06:00+05:30,21585.85,21596.05,21585.4,21590.5,0
2024-02-14T10:07:00+05:30,21589.1,21594.1,21585.3,21592.7,0
2024-02-14T10:08:00+05:30,21592.75,21592.75,21585.9,21586.45,0
2024-02-14T10:09:00+05:30,21585.3,21591.4,21579.55,21591.4,0
2024-02-14T10:10:00+05:30,21590.35,21597.55,21590.0,21592.3,0
2024-02-14T10:11:00+05:30,21592.6,21602.85,21592.6,21596.7,0
2024-02-14T10:12:00+05:30,21595.25,21604.8,21595.25,21603.3,0
2024-02-14T10:13:00+05:30,21602.85,21612.65,21602.85,21604.35,0
2024-02-14T10:14:00+05:30,21603.85,21620.4,21602.95,21620.4,0
2024-02-14T10:15:00+05:30,21623.15,21624.25,21612.4,21612.5,0
2024-02-14T10:16:00+05:30,21611.75,21619.1,21611.05,21617.4,0
2024-02-14T10:17:00+05:30,21616.15,21621.05,21613.05,21617.3,0
2024-02-14T10:18:00+05:30,21617.4,21621.8,21616.65,21617.65,0
2024-02-14T10:19:00+05:30,21617.45,21631.8,21614.95,21630.2,0
2024-02-14T10:20:00+05:30,21629.7,21631.9,21621.7,21623.15,0
2024-02-14T10:21:00+05:30,21622.6,21627.7,21620.25,21626.95,0
2024-02-14T10:22:00+05:30,21626.9,21626.9,21614.45,21616.5,0
2024-02-14T10:23:00+05:30,21616.1,21620.1,21612.4,21618.15,0
2024-02-14T10:24:00+05:30,21618.35,21624.25,21610.05,21610.6,0
2024-02-14T10:25:00+05:30,21611.35,21614.4,21606.95,21612.95,0
2024-02-14T10:26:00+05:30,21612.4,21613.0,21599.9,21601.65,0
2024-02-14T10:27:00+05:30,21601.25,21613.2,21601.25,21610.75,0
2024-02-14T10:28:00+05:30,21610.95,21611.5,21606.6,21611.05,0
2024-02-14T10:29:00+05:30,21610.35,21611.5,21606.3,21609.3,0
2024-02-14T10:30:00+05:30,21608.5,21609.15,21596.15,21598.4,0
2024-02-14T10:31:00+05:30,21597.9,21606.3,21589.35,21606.2,0
2024-02-14T10:32:00+05:30,21605.55,21617.55,21603.35,21615.35,0
2024-02-14T10:33:00+05:30,21615.65,21615.8,21603.4,21605.3,0
2024-02-14T10:34:00+05:30,21604.3,21611.1,21601.95,21608.7,0
2024-02-14T10:35:00+05:30,21609.3,21615.85,21608.25,21611.8,0
2024-02-14T10:36:00+05:30,21611.75,21614.3,21609.4,21612.8,0
2024-02-14T10:37:00+05:30,21612.25,21615.9,21610.2,21615.5,0
2024-02-14T10:38:00+05:30,21614.95,21617.2,21614.15,21614.5,0
2024-02-14T10:39:00+05:30,21614.7,21616.45,21614.1,21614.95,0
2024-02-14T10:40:00+05:30,21614.65,21622.55,21611.95,21611.95,0
2024-02-14T10:41:00+05:30,21610.6,21610.8,21606.1,21608.1,0
2024-02-14T10:42:00+05:30,21607.3,21609.05,21603.7,21607.15,0
2024-02-14T10:43:00+05:30,21606.5,21606.9,21600.8,21600.8,0
2024-02-14T10:44:00+05:30,21600.7,21602.55,21597.45,21597.6,0
2024-02-14T10:45:00+05:30,21597.85,21600.0,21596.05,21600.0,0
2024-02-14T10:46:00+05:30,21599.25,21604.85,21598.15,21602.6,0
2024-02-14T10:47:00+05:30,21602.65,21602.65,21590.4,21594.2,0
2024-02-14T10:48:00+05:30,21593.75,21596.9,21590.0,21596.9,0
2024-02-14T10:49:00+05:30,21598.0,21609.3,21598.0,21609.15,0
2024-02-14T10:50:00+05:30,21608.9,21611.1,21605.85,21608.5,0
2024-02-14T10:51:00+05:30,21608.8,21614.7,21604.65,21609.15,0
2024-02-14T10:52:00+05:30,21609.2,21612.9,21607.75,21612.15,0
2024-02-14T10:53:00+05:30,21612.1,21626.0,21610.35,21624.8,0
2024-02-14T10:54:00+05:30,21623.0,21628.1,21620.45,21621.7,0
2024-02-14T10:55:00+05:30,21620.05,21626.15,21619.85,21623.5,0
2024-02-14T10:56:00+05:30,21623.15,21640.25,21621.95,21638.45,0
2024-02-14T10:57:00+05:30,21639.0,21650.2,21638.45,21645.85,0
2024-02-14T10:58:00+05:30,21646.4,21647.45,21635.05,21636.85,0
2024-02-14T10:59:00+05:30,21636.45,21640.45,21634.75,21635.1,0
2024-02-14T11:00:00+05:30,21634.65,21639.1,21632.6,21638.4,0
2024-02-14T11:01:00+05:30,21637.2,21637.65,21633.55,21636.4,0
2024-02-14T11:02:00+05:30,21634.55,21637.65,21631.2,21631.6,0
2024-02-14T11:03:00+05:30,21630.75,21637.5,21630.75,21632.7,0
2024-02-14T11:04:00+05:30,21631.45,21631.8,21625.05,21626.75,0
2024-02-14T11:05:00+05:30,21626.3,21639.7,21626.3,21639.7,0
2024-02-14T11:06:00+05:30,21639.3,21640.65,21632.15,21634.5,0
2024-02-14T11:07:00+05:30,21634.95,21639.6,21634.55,21638.95,0
2024-02-14T11:08:00+05:30,21637.45,21638.75,21628.35,21630.15,0
2024-02-14T11:09:00+05:30,21629.7,21634.0,21625.45,21632.5,0
2024-02-14T11:10:00+05:30,21632.7,21635.15,21626.6,21626.6,0
2024-02-14T11:11:00+05:30,21626.95,21627.55,21623.05,21623.6,0
2024-02-14T11:12:00+05:30,21623.45,21623.85,21610.2,21611.25,0
2024-02-14T11:13:00+05:30,21610.05,21611.15,21599.6,21599.85,0
2024-02-14T11:14:00+05:30,21599.3,21608.85,21594.65,21606.85,0
2024-02-14T11:15:00+05:30,21607.25,21609.85,21602.85,21606.8,0
2024-02-14T11:16:00+05:30,21606.45,21616.6,21606.25,21611.3,0
2024-02-14T11:17:00+05:30,21609.85,21611.45,21597.4,21599.8,0
2024-02-14T11:18:00+05:30,21599.75,21610.9,21599.75,21608.55,0
2024-02-14T11:19:00+05:30,21607.05,21611.1,21605.4,21605.75,0
2024-02-14T11:20:00+05:30,21604.6,21613.5,21604.6,21611.85,0
2024-02-14T11:21:00+05:30,21611.5,21615.7,21611.25,21614.4,0
2024-02-14T11:22:00+05:30,21614.1,21619.55,21611.7,21611.8,0
2024-02-14T11:23:00+05:30,21611.15,21612.3,21607.95,21610.7,0
2024-02-14T11:24:00+05:30,21610.15,21614.1,21610.1,21613.55,0
2024-02-14T11:25:00+05:30,21614.95,21622.6,21612.65,21621.15,0
2024-02-14T11:26:00+05:30,21620.4,21621.25,21613.2,21614.55,0
2024-02-14T11:27:00+05:30,21614.2,21617.35,21612.65,21617.3,0
2024-02-14T11:28:00+05:30,21617.7,21618.3,21610.25,21610.25,0
2024-02-14T11:29:00+05:30,21611.6,21612.5,21599.1,21602.7,0
2024-02-14T11:30:00+05:30,21602.2,21615.55,21599.6,21615.55,0
2024-02-14T11:31:00+05:30,21614.75,21616.55,21602.65,21603.3,0
2024-02-14T11:32:00+05:30,21603.15,21607.45,21603.15,21603.45,0
2024-02-14T11:33:00+05:30,21604.5,21613.45,21604.35,21612.3,0
2024-02-14T11:34:00+05:30,21611.7,21613.5,21601.35,21601.7,0
2024-02-14T11:35:00+05:30,21601.45,21603.2,21595.05,21595.5,0
2024-02-14T11:36:00+05:30,21594.3,21596.7,21582.3,21584.1,0
2024-02-14T11:37:00+05:30,21584.25,21593.65,21578.15,21592.95,0
2024-02-14T11:38:00+05:30,21591.15,21593.1,21585.15,21590.85,0
2024-02-14T11:39:00+05:30,21591.15,21597.25,21589.6,21596.95,0
2024-02-14T11:40:00+05:30,21596.8,21603.65,21595.5,21600.35,0
2024-02-14T11:41:00+05:30,21600.25,21601.95,21594.6,21597.85,0
2024-02-14T11:42:00+05:30,21596.6,21596.6,21592.05,21593.8,0
2024-02-14T11:43:00+05:30,21593.05,21599.85,21593.05,21599.25,0
2024-02-14T11:44:00+05:30,21599.45,21606.65,21599.15,21606.25,0
2024-02-14T11:45:00+05:30,21605.8,21609.6,21598.65,21599.0,0
2024-02-14T11:46:00+05:30,21598.55,21604.7,21598.5,21601.05,0
2024-02-14T11:47:00+05:30,21600.55,21603.85,21600.05,21601.7,0
2024-02-14T11:48:00+05:30,21601.5,21607.6,21600.65,21606.9,0
2024-02-14T11:49:00+05:30,21607.1,21607.85,21602.6,21604.75,0
2024-02-14T11:50:00+05:30,21603.6,21609.35,21603.6,21608.3,0
2024-02-14T11:51:00+05:30,21608.1,21609.85,21603.85,21609.85,0
2024-02-14T11:52:00+05:30,21609.6,21611.55,21608.65,21609.35,0
2024-02-14T11:53:00+05:30,21608.35,21613.0,21608.2,21613.0,0
2024-02-14T11:54:00+05:30,21615.15,21620.05,21615.15,21618.05,0
2024-02-14T11:55:00+05:30,21617.4,21620.35,21614.55,21616.05,0
2024-02-14T11:56:00+05:30,21614.85,21614.85,21608.25,21609.5,0
2024-02-14T11:57:00+05:30,21609.4,21618.85,21609.35,21610.45,0
2024-02-14T11:58:00+05:30,21609.95,21613.95,21607.95,21612.9,0
2024-02-14T11:59:00+05:30,21614.5,21621.75,21612.0,21613.95,0
2024-02-14T12:00:00+05:30,21613.85,21614.55,21605.3,21605.75,0
2024-02-14T12:01:00+05:30,21605.2,21611.4,21604.25,21608.25,0
2024-02-14T12:02:00+05:30,21608.15,21610.5,21605.55,21608.55,0
2024-02-14T12:03:00+05:30,21608.8,21609.75,21600.45,21607.85,0
2024-02-14T12:04:00+05:30,21608.9,21610.15,21605.25,21607.05,0
2024-02-14T12:05:00+05:30,21607.65,21613.5,21606.2,21612.4,0
2024-02-14T12:06:00+05:30,21612.3,21622.25,21610.95,21620.2,0
2024-02-14T12:07:00+05:30,21619.3,21622.85,21614.05,21614.05,0
2024-02-14T12:08:00+05:30,21614.55,21618.3,21614.55,21615.45,0
2024-02-14T12:09:00+05:30,21615.55,21620.3,21613.9,21619.1,0
2024-02-14T12:10:00+05:30,21619.15,21621.0,21617.9,21620.5,0
2024-02-14T12:11:00+05:30,21619.8,21619.8,21615.2,21616.45,0
2024-02-14T12:12:00+05:30,21615.85,21620.45,21615.0,21618.9,0
2024-02-14T12:13:00+05:30,21618.35,21631.35,21613.75,21629.3,0
2024-02-14T12:14:00+05:30,21630.15,21630.75,21618.85,21619.15,0
2024-02-14T12:15:00+05:30,21618.55,21629.85,21618.55,21627.2,0
2024-02-14T12:16:00+05:30,21626.95,21633.95,21626.95,21631.35,0
2024-02-14T12:17:00+05:30,21630.35,21631.4,21626.8,21629.7,0
2024-02-14T12:18:00+05:30,21629.0,21631.3,21625.55,21627.5,0
2024-02-14T12:19:00+05:30,21626.65,21630.0,21625.15,21627.2,0
2024-02-14T12:20:00+05:30,21627.95,21631.2,21624.95,21625.55,0
2024-02-14T12:21:00+05:30,21626.15,21632.2,21625.75,21632.2,0
2024-02-14T12:22:00+05:30,21631.4,21633.55,21627.15,21630.0,0
2024-02-14T12:23:00+05:30,21629.45,21632.35,21629.45,21630.55,0
2024-02-14T12:24:00+05:30,21630.75,21638.55,21622.95,21623.4,0
2024-02-14T12:25:00+05:30,21623.8,21631.95,21623.55,21630.55,0
2024-02-14T12:26:00+05:30,21630.4,21639.6,21630.4,21635.95,0
2024-02-14T12:27:00+05:30,21635.7,21641.85,21634.6,21641.85,0
2024-02-14T12:28:00+05:30,21642.35,21659.0,21642.35,21656.45,0
2024-02-14T12:29:00+05:30,21655.9,21663.05,21651.55,21656.8,0
2024-02-14T12:30:00+05:30,21656.05,21670.55,21655.65,21669.75,0
2024-02-14T12:31:00+05:30,21669.85,21676.8,21669.0,21674.15,0
2024-02-14T12:32:00+05:30,21673.45,21681.55,21664.1,21664.65,0
2024-02-14T12:33:00+05:30,21664.15,21672.3,21664.15,21669.0,0
2024-02-14T12:34:00+05:30,21669.15,21672.45,21664.35,21667.85,0
2024-02-14T12:35:00+05:30,21669.25,21669.4,21665.4,21665.85,0
2024-02-14T12:36:00+05:30,21665.95,21671.15,21662.45,21669.25,0
2024-02-14T12:37:00+05:30,21669.05,21669.7,21661.95,21663.2,0
2024-02-14T12:38:00+05:30,21665.55,21667.15,21663.7,21665.65,0
2024-02-14T12:39:00+05:30,21664.55,21668.25,21661.0,21663.5,0
2024-02-14T12:40:00+05:30,21662.45,21664.05,21659.7,21663.9,0
2024-02-14T12:41:00+05:30,21663.5,21673.25,21663.5,21670.65,0
2024-02-14T12:42:00+05:30,21670.05,21672.2,21665.1,21666.6,0
2024-02-14T12:43:00+05:30,21666.25,21667.25,21658.3,21659.6,0
2024-02-14T12:44:00+05:30,21658.55,21662.0,21657.65,21661.9,0
2024-02-14T12:45:00+05:30,21661.15,21663.65,21661.0,21662.65,0
2024-02-14T12:46:00+05:30,21661.15,21669.25,21660.9,21667.2,0
2024-02-14T12:47:00+05:30,21666.45,21672.1,21666.15,21666.55,0
2024-02-14T12:48:00+05:30,21666.85,21667.1,21661.9,21665.75,0
2024-02-14T12:49:00+05:30,21665.3,21666.2,21657.3,21658.05,0
2024-02-14T12:50:00+05:30,21658.3,21663.55,21650.75,21663.5,0
2024-02-14T12:51:00+05:30,21662.15,21667.1,21661.4,21662.6,0
2024-02-14T12:52:00+05:30,21661.95,21671.4,21661.55,21666.75,0
2024-02-14T12:53:00+05:30,21666.0,21666.95,21662.35,21666.8,0
2024-02-14T12:54:00+05:30,21666.6,21670.5,21664.95,21669.95,0
2024-02-14T12:55:00+05:30,21668.7,21673.0,21668.7,21672.9,0
2024-02-14T12:56:00+05:30,21670.8,21675.8,21669.7,21675.5,0
2024-02-14T12:57:00+05:30,21675.8,21679.75,21670.05,21671.45,0
2024-02-14T12:58:00+05:30,21671.35,21674.75,21668.25,21669.55,0
2024-02-14T12:59:00+05:30,21669.4,21679.45,21668.25,21678.7,0
2024-02-14T13:00:00+05:30,21678.45,21688.65,21677.85,21688.15,0
2024-02-14T13:01:00+05:30,21687.0,21691.95,21685.05,21687.3,0
2024-02-14T13:02:00+05:30,21687.45,21690.4,21685.1,21686.85,0
2024-02-14T13:03:00+05:30,21686.45,21691.7,21686.45,21689.25,0
2024-02-14T13:04:00+05:30,21689.15,21703.0,21689.15,21703.0,0
2024-02-14T13:05:00+05:30,21703.75,21705.75,21696.1,21697.2,0
2024-02-14T13:06:00+05:30,21696.95,21702.9,21696.8,21699.65,0
2024-02-14T13:07:00+05:30,21699.85,21702.15,21694.65,21695.1,0
2024-02-14T13:08:00+05:30,21694.25,21697.95,21692.0,21692.2,0
2024-02-14T13:09:00+05:30,21691.45,21694.6,21687.65,21690.05,0
2024-02-14T13:10:00+05:30,21689.7,21691.6,21685.95,21686.7,0
2024-02-14T13:11:00+05:30,21687.0,21695.0,21684.9,21693.95,0
2024-02-14T13:12:00+05:30,21693.4,21694.9,21687.85,21688.6,0
2024-02-14T13:13:00+05:30,21688.75,21693.45,21687.95,21689.15,0
2024-02-14T13:14:00+05:30,21691.6,21692.55,21688.45,21689.7,0
2024-02-14T13:15:00+05:30,21689.4,21691.25,21686.3,21688.05,0
2024-02-14T13:16:00+05:30,21687.35,21689.15,21683.6,21683.6,0
2024-02-14T13:17:00+05:30,21683.25,21684.35,21680.5,21682.6,0
2024-02-14T13:18:00+05:30,21681.95,21682.6,21676.05,21677.2,0
2024-02-14T13:19:00+05:30,21677.6,21686.15,21676.5,21681.1,0
2024-02-14T13:20:00+05:30,21680.3,21683.2,21679.25,21681.6,0
2024-02-14T13:21:00+05:30,21681.15,21689.15,21681.15,21687.4,0
2024-02-14T13:22:00+05:30,21687.3,21688.5,21675.65,21678.9,0
2024-02-14T13:23:00+05:30,21677.5,21681.85,21677.5,21680.35,0
2024-02-14T13:24:00+05:30,21680.55,21681.2,21669.85,21671.75,0
2024-02-14T13:25:00+05:30,21671.8,21673.2,21667.95,21667.95,0
2024-02-14T13:26:00+05:30,21667.9,21673.75,21667.9,21672.8,0
2024-02-14T13:27:00+05:30,21672.4,21674.8,21670.95,21672.6,0
2024-02-14T13:28:00+05:30,21672.2,21673.8,21671.45,21672.05,0
2024-02-14T13:29:00+05:30,21672.6,21679.05,21670.75,21671.75,0
2024-02-14T13:30:00+05:30,21670.95,21672.95,21668.4,21670.0,0
2024-02-14T13:31:00+05:30,21669.45,21669.85,21649.9,21650.2,0
2024-02-14T13:32:00+05:30,21650.25,21652.0,21641.65,21642.1,0
2024-02-14T13:33:00+05:30,21641.65,21654.25,21641.65,21643.15,0
2024-02-14T13:34:00+05:30,21643.8,21646.1,21639.7,21643.75,0
2024-02-14T13:35:00+05:30,21644.0,21645.4,21634.7,21639.3,0
2024-02-14T13:36:00+05:30,21639.9,21650.75,21639.9,21650.55,0
2024-02-14T13:37:00+05:30,21651.15,21652.75,21647.05,21649.55,0
2024-02-14T13:38:00+05:30,21648.8,21650.1,21643.7,21645.9,0
2024-02-14T13:39:00+05:30,21645.65,21650.6,21641.1,21650.6,0
2024-02-14T13:40:00+05:30,21650.1,21658.85,21650.1,21653.35,0
2024-02-14T13:41:00+05:30,21653.2,21653.2,21647.65,21650.3,0
2024-02-14T13:42:00+05:30,21649.75,21661.75,21649.75,21659.6,0
2024-02-14T13:43:00+05:30,21659.9,21667.75,21659.0,21663.65,0
2024-02-14T13:44:00+05:30,21662.4,21665.15,21657.75,21661.75,0
2024-02-14T13:45:00+05:30,21662.0,21676.95,21662.0,21676.95,0
2024-02-14T13:46:00+05:30,21675.25,21676.9,21666.4,21669.35,0
2024-02-14T13:47:00+05:30,21669.15,21678.95,21668.05,21678.2,0
2024-02-14T13:48:00+05:30,21677.7,21686.65,21677.6,21686.05,0
2024-02-14T13:49:00+05:30,21685.1,21685.8,21680.4,21682.95,0
2024-02-14T13:50:00+05:30,21682.5,21684.6,21676.05,21677.65,0
2024-02-14T13:51:00+05:30,21677.55,21679.15,21669.1,21669.7,0
2024-02-14T13:52:00+05:30,21669.45,21676.5,21666.8,21673.3,0
2024-02-14T13:53:00+05:30,21673.05,21673.35,21665.7,21669.45,0
2024-02-14T13:54:00+05:30,21670.1,21672.1,21664.15,21664.15,0
2024-02-14T13:55:00+05:30,21662.55,21669.2,21656.6,21656.6,0
2024-02-14T13:56:00+05:30,21655.65,21660.85,21648.25,21650.0,0
2024-02-14T13:57:00+05:30,21649.7,21658.3,21648.55,21658.1,0
2024-02-14T13:58:00+05:30,21658.2,21666.5,21658.0,21666.35,0
2024-02-14T13:59:00+05:30,21665.55,21667.85,21657.55,21659.4,0
2024-02-14T14:00:00+05:30,21658.9,21665.5,21658.75,21665.5,0
2024-02-14T14:01:00+05:30,21665.9,21674.85,21665.25,21674.15,0
2024-02-14T14:02:00+05:30,21674.8,21677.45,21672.3,21676.35,0
2024-02-14T14:03:00+05:30,21676.9,21680.15,21667.05,21668.65,0
2024-02-14T14:04:00+05:30,21668.4,21677.9,21668.4,21673.15,0
2024-02-14T14:05:00+05:30,21673.7,21673.95,21664.7,21664.7,0
2024-02-14T14:06:00+05:30,21663.95,21674.65,21663.95,21672.75,0
2024-02-14T14:07:00+05:30,21671.55,21676.3,21669.7,21673.55,0
2024-02-14T14:08:00+05:30,21672.35,21681.4,21672.35,21677.1,0
2024-02-14T14:09:00+05:30,21677.85,21687.0,21677.4,21684.6,0
2024-02-14T14:10:00+05:30,21684.55,21686.0,21678.9,21682.2,0
2024-02-14T14:11:00+05:30,21682.25,21693.8,21681.7,21693.8,0
2024-02-14T14:12:00+05:30,21692.25,21698.1,21692.25,21695.05,0
2024-02-14T14:13:00+05:30,21694.5,21705.65,21693.65,21705.4,0
2024-02-14T14:14:00+05:30,21705.2,21720.25,21705.2,21718.95,0
2024-02-14T14:15:00+05:30,21718.65,21723.4,21713.45,21718.85,0
2024-02-14T14:16:00+05:30,21718.5,21730.4,21718.5,21729.05,0
2024-02-14T14:17:00+05:30,21728.9,21739.75,21728.6,21736.75,0
2024-02-14T14:18:00+05:30,21736.1,21741.2,21730.6,21733.1,0
2024-02-14T14:19:00+05:30,21731.65,21732.0,21724.95,21727.7,0
2024-02-14T14:20:00+05:30,21726.7,21737.3,21726.7,21736.8,0
2024-02-14T14:21:00+05:30,21736.4,21736.75,21722.75,21725.9,0
2024-02-14T14:22:00+05:30,21725.4,21741.95,21724.2,21739.6,0
2024-02-14T14:23:00+05:30,21740.05,21755.25,21739.4,21751.25,0
2024-02-14T14:24:00+05:30,21750.45,21760.4,21750.45,21758.55,0
2024-02-14T14:25:00+05:30,21758.6,21758.6,21746.6,21746.65,0
2024-02-14T14:26:00+05:30,21747.0,21750.8,21745.25,21748.45,0
2024-02-14T14:27:00+05:30,21747.85,21751.2,21742.2,21742.4,0
2024-02-14T14:28:00+05:30,21742.05,21745.95,21737.8,21738.6,0
2024-02-14T14:29:00+05:30,21738.2,21753.15,21738.2,21752.7,0
2024-02-14T14:30:00+05:30,21751.95,21754.75,21747.8,21748.6,0
2024-02-14T14:31:00+05:30,21748.25,21754.8,21748.25,21751.7,0
2024-02-14T14:32:00+05:30,21751.3,21774.35,21750.35,21773.2,0
2024-02-14T14:33:00+05:30,21770.5,21788.25,21769.85,21788.25,0
2024-02-14T14:34:00+05:30,21788.45,21798.25,21785.55,21790.75,0
2024-02-14T14:35:00+05:30,21789.85,21802.25,21789.85,21789.95,0
2024-02-14T14:36:00+05:30,21789.4,21796.15,21785.15,21785.85,0
2024-02-14T14:37:00+05:30,21786.1,21788.45,21781.75,21782.5,0
2024-02-14T14:38:00+05:30,21781.9,21804.75,21781.9,21803.1,0
2024-02-14T14:39:00+05:30,21803.6,21805.0,21799.85,21800.85,0
2024-02-14T14:40:00+05:30,21799.5,21807.9,21798.35,21806.7,0
2024-02-14T14:41:00+05:30,21806.75,21807.9,21795.9,21798.25,0
2024-02-14T14:42:00+05:30,21798.8,21800.15,21794.4,21797.7,0
2024-02-14T14:43:00+05:30,21797.85,21817.2,21797.55,21810.55,0
2024-02-14T14:44:00+05:30,21810.1,21815.95,21807.1,21815.4,0
2024-02-14T14:45:00+05:30,21814.45,21824.3,21813.2,21819.1,0
2024-02-14T14:46:00+05:30,21818.8,21820.35,21811.9,21817.15,0
2024-02-14T14:47:00+05:30,21815.45,21816.7,21798.6,21801.85,0
2024-02-14T14:48:00+05:30,21800.4,21811.05,21799.6,21811.05,0
2024-02-14T14:49:00+05:30,21811.5,21824.55,21807.05,21824.55,0
2024-02-14T14:50:00+05:30,21823.35,21825.75,21819.0,21820.8,0
2024-02-14T14:51:00+05:30,21822.2,21830.0,21822.2,21827.35,0
2024-02-14T14:52:00+05:30,21826.1,21828.8,21819.9,21825.35,0
2024-02-14T14:53:00+05:30,21826.1,21829.4,21823.65,21824.7,0
2024-02-14T14:54:00+05:30,21825.3,21826.1,21821.2,21822.7,0
2024-02-14T14:55:00+05:30,21822.15,21823.9,21811.5,21814.25,0
2024-02-14T14:56:00+05:30,21814.0,21833.4,21814.0,21831.15,0
2024-02-14T14:57:00+05:30,21830.15,21832.6,21821.95,21824.0,0
2024-02-14T14:58:00+05:30,21824.85,21841.95,21824.8,21835.5,0
2024-02-14T14:59:00+05:30,21835.9,21843.75,21833.45,21838.95,0
2024-02-14T15:00:00+05:30,21838.05,21854.95,21838.05,21852.75,0
2024-02-14T15:01:00+05:30,21854.55,21870.2,21854.55,21866.9,0
2024-02-14T15:02:00+05:30,21866.1,21866.8,21856.8,21856.8,0
2024-02-14T15:03:00+05:30,21857.5,21863.6,21847.3,21848.8,0
2024-02-14T15:04:00+05:30,21847.2,21854.55,21841.4,21851.55,0
2024-02-14T15:05:00+05:30,21850.8,21852.4,21843.5,21844.45,0
2024-02-14T15:06:00+05:30,21845.6,21850.75,21842.7,21842.7,0
2024-02-14T15:07:00+05:30,21843.95,21853.9,21843.9,21853.9,0
2024-02-14T15:08:00+05:30,21854.15,21857.35,21846.1,21847.9,0
2024-02-14T15:09:00+05:30,21847.25,21850.8,21842.65,21850.5,0
2024-02-14T15:10:00+05:30,21850.6,21851.1,21837.45,21837.45,0
2024-02-14T15:11:00+05:30,21837.0,21838.5,21829.6,21838.05,0
2024-02-14T15:12:00+05:30,21838.35,21838.35,21811.95,21811.95,0
2024-02-14T15:13:00+05:30,21810.95,21811.05,21794.75,21804.85,0
2024-02-14T15:14:00+05:30,21805.15,21819.2,21804.25,21814.25,0
2024-02-14T15:15:00+05:30,21814.55,21814.55,21809.15,21813.15,0
2024-02-14T15:16:00+05:30,21812.8,21812.8,21801.85,21802.45,0
2024-02-14T15:17:00+05:30,21804.7,21838.45,21802.0,21838.45,0
2024-02-14T15:18:00+05:30,21837.05,21837.05,21824.4,21831.7,0
2024-02-14T15:19:00+05:30,21831.85,21836.75,21829.45,21833.9,0
2024-02-14T15:20:00+05:30,21834.5,21838.05,21826.5,21834.85,0
2024-02-14T15:21:00+05:30,21835.55,21838.7,21834.15,21837.05,0
2024-02-14T15:22:00+05:30,21837.2,21846.75,21835.35,21846.65,0
2024-02-14T15:23:00+05:30,21845.45,21846.6,21841.55,21843.7,0
2024-02-14T15:24:00+05:30,21843.95,21849.85,21843.4,21849.1,0
2024-02-14T15:25:00+05:30,21849.0,21850.25,21846.1,21847.5,0
2024-02-14T15:26:00+05:30,21847.35,21848.25,21843.0,21845.0,0
2024-02-14T15:27:00+05:30,21846.1,21853.9,21843.95,21853.9,0
2024-02-14T15:28:00+05:30,21853.75,21855.15,21847.15,21852.65,0
2024-02-14T15:29:00+05:30,21852.3,21856.25,21842.85,21848.7,0
2024-02-15T09:15:00+05:30,21906.55,21923.25,21887.55,21898.4,0
2024-02-15T09:16:00+05:30,21898.5,21910.1,21898.05,21909.05,0
2024-02-15T09:17:00+05:30,21909.15,21910.1,21902.35,21905.25,0
2024-02-15T09:18:00+05:30,21905.4,21915.7,21900.0,21907.95,0
2024-02-15T09:19:00+05:30,21907.3,21907.3,21891.2,21893.4,0
2024-02-15T09:20:00+05:30,21892.2,21892.2,21884.05,21888.8,0
2024-02-15T09:21:00+05:30,21888.05,21890.25,21878.9,21881.1,0
2024-02-15T09:22:00+05:30,21880.1,21880.4,21873.45,21879.75,0
2024-02-15T09:23:00+05:30,21880.65,21894.8,21877.5,21892.95,0
2024-02-15T09:24:00+05:30,21894.6,21912.25,21894.6,21904.9,0
2024-02-15T09:25:00+05:30,21904.35,21906.05,21873.0,21876.0,0
2024-02-15T09:26:00+05:30,21875.65,21885.35,21874.1,21884.1,0
2024-02-15T09:27:00+05:30,21884.5,21884.5,21865.0,21869.95,0
2024-02-15T09:28:00+05:30,21871.65,21873.0,21862.0,21868.95,0
2024-02-15T09:29:00+05:30,21868.2,21879.2,21866.3,21876.35,0
2024-02-15T09:30:00+05:30,21875.1,21879.4,21862.8,21864.7,0
2024-02-15T09:31:00+05:30,21864.95,21867.1,21857.75,21866.25,0
2024-02-15T09:32:00+05:30,21867.25,21879.45,21867.25,21874.5,0
2024-02-15T09:33:00+05:30,21875.1,21875.1,21864.6,21866.6,0
2024-02-15T09:34:00+05:30,21866.35,21866.65,21842.75,21842.75,0
2024-02-15T09:35:00+05:30,21840.75,21850.05,21831.15,21850.05,0
2024-02-15T09:36:00+05:30,21848.7,21848.7,21838.55,21847.8,0
2024-02-15T09:37:00+05:30,21846.8,21855.45,21841.15,21855.3,0
2024-02-15T09:38:00+05:30,21854.25,21865.4,21848.85,21848.85,0
2024-02-15T09:39:00+05:30,21848.05,21849.1,21824.2,21825.55,0
2024-02-15T09:40:00+05:30,21824.9,21837.6,21819.0,21837.05,0
2024-02-15T09:41:00+05:30,21836.05,21838.05,21828.4,21834.25,0
2024-02-15T09:42:00+05:30,21835.35,21835.35,21826.75,21827.65,0
2024-02-15T09:43:00+05:30,21828.85,21830.8,21822.1,21825.8,0
2024-02-15T09:44:00+05:30,21827.95,21828.95,21813.65,21825.35,0
2024-02-15T09:45:00+05:30,21824.95,21843.25,21823.75,21840.9,0
2024-02-15T09:46:00+05:30,21841.1,21842.1,21832.45,21832.45,0
2024-02-15T09:47:00+05:30,21832.5,21839.85,21830.15,21839.6,0
2024-02-15T09:48:00+05:30,21840.15,21902.9,21838.5,21871.35,0
2024-02-15T09:49:00+05:30,21862.6,21886.95,21861.1,21876.1,0
2024-02-15T09:50:00+05:30,21875.4,21885.7,21874.05,21880.6,0
2024-02-15T09:51:00+05:30,21879.7,21886.4,21867.9,21867.9,0
2024-02-15T09:52:00+05:30,21869.0,21877.85,21860.95,21877.45,0
2024-02-15T09:53:00+05:30,21873.75,21875.5,21866.3,21868.3,0
2024-02-15T09:54:00+05:30,21868.2,21868.2,21854.45,21854.45,0
2024-02-15T09:55:00+05:30,21842.2,21842.2,21800.6,21808.1,0
2024-02-15T09:56:00+05:30,21808.0,21819.35,21804.4,21817.4,0
2024-02-15T09:57:00+05:30,21816.55,21822.25,21813.05,21818.95,0
2024-02-15T09:58:00+05:30,21819.75,21819.75,21809.65,21816.1,0
2024-02-15T09:59:00+05:30,21818.6,21818.8,21798.7,21808.35,0
2024-02-15T10:00:00+05:30,21802.8,21814.1,21796.1,21814.1,0
2024-02-15T10:01:00+05:30,21813.85,21813.9,21804.2,21806.05,0
2024-02-15T10:02:00+05:30,21805.85,21824.5,21805.85,21821.7,0
2024-02-15T10:03:00+05:30,21822.0,21840.5,21817.85,21823.5,0
2024-02-15T10:04:00+05:30,21822.95,21831.05,21822.75,21828.9,0
2024-02-15T10:05:00+05:30,21829.05,21843.95,21827.7,21837.15,0
2024-02-15T10:06:00+05:30,21837.6,21864.0,21837.25,21855.35,0
2024-02-15T10:07:00+05:30,21854.95,21874.55,21854.5,21864.95,0
2024-02-15T10:08:00+05:30,21864.25,21870.55,21864.1,21870.3,0
2024-02-15T10:09:00+05:30,21870.2,21878.05,21862.75,21862.75,0
2024-02-15T10:10:00+05:30,21862.8,21874.15,21856.5,21870.65,0
2024-02-15T10:11:00+05:30,21871.0,21885.6,21870.6,21872.4,0
2024-02-15T10:12:00+05:30,21874.25,21877.95,21868.55,21869.5,0
2024-02-15T10:13:00+05:30,21869.2,21874.4,21859.75,21867.9,0
2024-02-15T10:14:00+05:30,21868.85,21891.5,21868.85,21885.35,0
2024-02-15T10:15:00+05:30,21886.35,21894.5,21886.35,21893.1,0
2024-02-15T10:16:00+05:30,21893.2,21902.35,21880.0,21881.8,0
2024-02-15T10:17:00+05:30,21881.65,21890.55,21876.0,21876.0,0
2024-02-15T10:18:00+05:30,21876.2,21884.35,21874.75,21877.55,0
2024-02-15T10:19:00+05:30,21876.95,21886.9,21868.45,21886.9,0
2024-02-15T10:20:00+05:30,21885.6,21886.45,21878.1,21885.6,0
2024-02-15T10:21:00+05:30,21884.25,21884.5,21877.05,21878.35,0
2024-02-15T10:22:00+05:30,21878.15,21883.15,21873.9,21879.6,0
2024-02-15T10:23:00+05:30,21879.3,21884.75,21875.05,21884.75,0
2024-02-15T10:24:00+05:30,21882.3,21894.1,21876.3,21890.6,0
2024-02-15T10:25:00+05:30,21891.35,21892.3,21881.4,21883.5,0
2024-02-15T10:26:00+05:30,21883.35,21889.25,21883.35,21883.5,0
2024-02-15T10:27:00+05:30,21883.9,21886.45,21882.95,21885.55,0
2024-02-15T10:28:00+05:30,21881.55,21881.55,21867.05,21877.1,0
2024-02-15T10:29:00+05:30,21877.35,21877.35,21867.1,21871.05,0
2024-02-15T10:30:00+05:30,21870.7,21875.55,21861.6,21873.5,0
2024-02-15T10:31:00+05:30,21874.1,21899.75,21874.1,21889.9,0
2024-02-15T10:32:00+05:30,21890.0,21893.3,21881.8,21885.3,0
2024-02-15T10:33:00+05:30,21883.4,21883.95,21877.6,21882.15,0
2024-02-15T10:34:00+05:30,21881.5,21881.7,21872.05,21872.05,0
2024-02-15T10:35:00+05:30,21876.05,21876.75,21867.2,21872.3,0
2024-02-15T10:36:00+05:30,21872.6,21874.85,21861.3,21872.15,0
2024-02-15T10:37:00+05:30,21870.65,21870.65,21854.3,21861.6,0
2024-02-15T10:38:00+05:30,21862.05,21871.25,21861.15,21868.9,0
2024-02-15T10:39:00+05:30,21868.95,21868.95,21861.7,21862.5,0
2024-02-15T10:40:00+05:30,21864.35,21869.9,21855.25,21858.6,0
2024-02-15T10:41:00+05:30,21860.85,21863.55,21855.45,21863.55,0
2024-02-15T10:42:00+05:30,21863.65,21873.3,21863.65,21870.8,0
2024-02-15T10:43:00+05:30,21869.95,21873.85,21863.0,21863.0,0
2024-02-15T10:44:00+05:30,21862.55,21864.55,21858.9,21860.1,0
2024-02-15T10:45:00+05:30,21862.45,21863.65,21852.35,21863.25,0
2024-02-15T10:46:00+05:30,21860.9,21866.05,21860.45,21863.95,0
2024-02-15T10:47:00+05:30,21862.3,21870.1,21861.6,21868.5,0
2024-02-15T10:48:00+05:30,21868.55,21877.7,21867.9,21876.35,0
2024-02-15T10:49:00+05:30,21876.55,21877.1,21869.35,21869.55,0
2024-02-15T10:50:00+05:30,21869.8,21870.65,21866.6,21867.1,0
2024-02-15T10:51:00+05:30,21868.0,21868.9,21862.05,21863.3,0
2024-02-15T10:52:00+05:30,21862.15,21872.05,21859.9,21871.65,0
2024-02-15T10:53:00+05:30,21870.65,21875.0,21864.85,21867.35,0
2024-02-15T10:54:00+05:30,21867.85,21875.65,21867.85,21874.05,0
2024-02-15T10:55:00+05:30,21874.75,21878.1,21866.5,21868.35,0
2024-02-15T10:56:00+05:30,21869.0,21869.0,21832.4,21844.95,0
2024-02-15T10:57:00+05:30,21844.7,21846.8,21836.15,21838.75,0
2024-02-15T10:58:00+05:30,21839.9,21848.55,21838.55,21848.55,0
2024-02-15T10:59:00+05:30,21849.75,21851.95,21847.05,21847.65,0
2024-02-15T11:00:00+05:30,21848.65,21867.5,21846.85,21864.5,0
2024-02-15T11:01:00+05:30,21863.75,21866.6,21851.7,21853.4,0
2024-02-15T11:02:00+05:30,21853.55,21857.6,21847.5,21848.75,0
2024-02-15T11:03:00+05:30,21848.8,21856.3,21848.8,21852.15,0
2024-02-15T11:04:00+05:30,21852.85,21854.0,21848.05,21848.3,0
2024-02-15T11:05:00+05:30,21848.5,21859.85,21846.7,21851.25,0
2024-02-15T11:06:00+05:30,21851.35,21863.55,21851.35,21859.7,0
2024-02-15T11:07:00+05:30,21859.75,21860.0,21850.5,21851.5,0
2024-02-15T11:08:00+05:30,21852.35,21860.05,21850.0,21857.6,0
2024-02-15T11:09:00+05:30,21859.35,21862.15,21854.9,21856.7,0
2024-02-15T11:10:00+05:30,21860.35,21868.65,21858.35,21861.7,0
2024-02-15T11:11:00+05:30,21857.65,21879.85,21857.65,21873.15,0
2024-02-15T11:12:00+05:30,21872.55,21874.85,21869.6,21872.0,0
2024-02-15T11:13:00+05:30,21871.8,21876.8,21871.25,21874.7,0
2024-02-15T11:14:00+05:30,21874.25,21874.45,21868.5,21868.5,0
2024-02-15T11:15:00+05:30,21868.3,21868.3,21862.95,21862.95,0
2024-02-15T11:16:00+05:30,21863.55,21869.9,21861.2,21869.45,0
2024-02-15T11:17:00+05:30,21869.3,21869.65,21863.05,21864.3,0
2024-02-15T11:18:00+05:30,21863.85,21868.3,21860.4,21860.4,0
2024-02-15T11:19:00+05:30,21861.6,21868.05,21856.8,21864.35,0
2024-02-15T11:20:00+05:30,21864.85,21871.8,21862.75,21867.15,0
2024-02-15T11:21:00+05:30,21867.8,21870.85,21865.55,21869.55,0
2024-02-15T11:22:00+05:30,21869.45,21873.05,21868.35,21871.25,0
2024-02-15T11:23:00+05:30,21870.2,21877.75,21866.15,21875.85,0
2024-02-15T11:24:00+05:30,21875.65,21876.35,21865.85,21865.85,0
2024-02-15T11:25:00+05:30,21866.0,21869.25,21844.6,21851.35,0
2024-02-15T11:26:00+05:30,21852.05,21864.35,21852.05,21861.75,0
2024-02-15T11:27:00+05:30,21859.95,21861.65,21855.45,21859.85,0
2024-02-15T11:28:00+05:30,21859.8,21861.45,21856.6,21859.35,0
2024-02-15T11:29:00+05:30,21859.3,21862.8,21858.7,21862.25,0
2024-02-15T11:30:00+05:30,21861.95,21865.45,21860.1,21862.3,0
2024-02-15T11:31:00+05:30,21862.4,21863.55,21853.85,21854.95,0
2024-02-15T11:32:00+05:30,21855.75,21855.75,21846.55,21848.9,0
2024-02-15T11:33:00+05:30,21848.0,21855.8,21846.15,21854.35,0
2024-02-15T11:34:00+05:30,21854.85,21857.8,21853.55,21854.0,0
2024-02-15T11:35:00+05:30,21854.25,21858.4,21851.4,21854.8,0
2024-02-15T11:36:00+05:30,21855.5,21857.05,21853.9,21856.65,0
2024-02-15T11:37:00+05:30,21856.35,21857.7,21846.55,21855.15,0
2024-02-15T11:38:00+05:30,21856.1,21863.05,21855.95,21861.8,0
2024-02-15T11:39:00+05:30,21862.2,21862.85,21856.2,21861.7,0
2024-02-15T11:40:00+05:30,21861.1,21866.1,21860.35,21866.1,0
2024-02-15T11:41:00+05:30,21866.15,21868.25,21861.2,21863.7,0
2024-02-15T11:42:00+05:30,21862.7,21862.7,21840.55,21848.95,0
2024-02-15T11:43:00+05:30,21849.4,21860.5,21849.4,21858.35,0
2024-02-15T11:44:00+05:30,21857.95,21858.6,21853.25,21858.0,0
2024-02-15T11:45:00+05:30,21858.75,21866.5,21858.5,21864.1,0
2024-02-15T11:46:00+05:30,21862.65,21867.5,21861.65,21867.0,0
2024-02-15T11:47:00+05:30,21866.7,21868.2,21862.25,21863.5,0
2024-02-15T11:48:00+05:30,21862.5,21874.4,21862.2,21874.2,0
2024-02-15T11:49:00+05:30,21873.45,21874.45,21862.1,21863.55,0
2024-02-15T11:50:00+05:30,21863.3,21866.2,21852.25,21858.65,0
2024-02-15T11:51:00+05:30,21857.95,21861.75,21854.0,21860.75,0
2024-02-15T11:52:00+05:30,21860.0,21864.7,21857.6,21863.15,0
2024-02-15T11:53:00+05:30,21862.55,21868.35,21862.55,21867.2,0
2024-02-15T11:54:00+05:30,21866.45,21875.55,21866.45,21870.1,0
2024-02-15T11:55:00+05:30,21869.1,21874.4,21867.35,21871.6,0
2024-02-15T11:56:00+05:30,21868.55,21881.4,21867.7,21872.9,0
2024-02-15T11:57:00+05:30,21872.75,21876.8,21870.2,21871.8,0
2024-02-15T11:58:00+05:30,21873.85,21873.85,21864.15,21864.15,0
2024-02-15T11:59:00+05:30,21862.05,21865.95,21855.85,21861.35,0
2024-02-15T12:00:00+05:30,21860.65,21861.1,21854.0,21859.2,0
2024-02-15T12:01:00+05:30,21858.65,21863.1,21855.45,21863.1,0
2024-02-15T12:02:00+05:30,21862.75,21865.05,21858.75,21861.25,0
2024-02-15T12:03:00+05:30,21861.05,21861.05,21848.1,21852.75,0
2024-02-15T12:04:00+05:30,21848.35,21856.35,21848.35,21853.4,0
2024-02-15T12:05:00+05:30,21852.75,21856.85,21848.85,21853.5,0
2024-02-15T12:06:00+05:30,21853.1,21862.35,21853.1,21860.6,0
2024-02-15T12:07:00+05:30,21860.75,21862.7,21855.35,21858.35,0
2024-02-15T12:08:00+05:30,21857.65,21858.75,21851.55,21854.2,0
2024-02-15T12:09:00+05:30,21853.1,21854.55,21849.95,21853.95,0
2024-02-15T12:10:00+05:30,21854.4,21855.95,21849.35,21853.7,0
2024-02-15T12:11:00+05:30,21852.05,21862.3,21851.5,21857.9,0
2024-02-15T12:12:00+05:30,21857.85,21860.45,21854.25,21856.5,0
2024-02-15T12:13:00+05:30,21856.65,21859.25,21852.8,21855.8,0
2024-02-15T12:14:00+05:30,21855.65,21859.45,21852.55,21857.85,0
2024-02-15T12:15:00+05:30,21857.95,21859.0,21845.3,21852.05,0
2024-02-15T12:16:00+05:30,21853.75,21859.75,21849.4,21852.8,0
2024-02-15T12:17:00+05:30,21852.35,21854.2,21835.6,21846.65,0
2024-02-15T12:18:00+05:30,21846.9,21849.75,21836.45,21848.75,0
2024-02-15T12:19:00+05:30,21843.85,21847.9,21840.8,21844.1,0
2024-02-15T12:20:00+05:30,21844.45,21857.6,21842.85,21857.6,0
2024-02-15T12:21:00+05:30,21857.35,21857.45,21849.9,21855.8,0
2024-02-15T12:22:00+05:30,21855.0,21859.95,21852.8,21859.25,0
2024-02-15T12:23:00+05:30,21858.75,21870.5,21857.85,21868.6,0
2024-02-15T12:24:00+05:30,21867.65,21872.7,21864.5,21871.85,0
2024-02-15T12:25:00+05:30,21871.35,21874.75,21864.3,21865.2,0
2024-02-15T12:26:00+05:30,21864.7,21866.1,21858.45,21865.65,0
2024-02-15T12:27:00+05:30,21864.7,21866.25,21861.45,21865.15,0
2024-02-15T12:28:00+05:30,21863.9,21865.15,21858.1,21863.5,0
2024-02-15T12:29:00+05:30,21862.4,21862.8,21855.15,21857.9,0
2024-02-15T12:30:00+05:30,21857.35,21859.65,21853.15,21857.4,0
2024-02-15T12:31:00+05:30,21855.45,21855.95,21848.85,21850.6,0
2024-02-15T12:32:00+05:30,21850.5,21850.85,21844.2,21848.25,0
2024-02-15T12:33:00+05:30,21848.35,21849.15,21825.95,21829.05,0
2024-02-15T12:34:00+05:30,21828.2,21836.2,21823.85,21828.95,0
2024-02-15T12:35:00+05:30,21829.4,21843.0,21827.9,21842.0,0
2024-02-15T12:36:00+05:30,21842.15,21848.2,21840.75,21848.2,0
2024-02-15T12:37:00+05:30,21847.95,21849.05,21842.65,21844.5,0
2024-02-15T12:38:00+05:30,21844.4,21851.3,21841.05,21851.3,0
2024-02-15T12:39:00+05:30,21851.6,21851.95,21845.55,21849.5,0
2024-02-15T12:40:00+05:30,21849.25,21851.9,21848.25,21849.35,0
2024-02-15T12:41:00+05:30,21850.0,21856.6,21847.45,21854.9,0
2024-02-15T12:42:00+05:30,21853.7,21855.3,21841.65,21845.2,0
2024-02-15T12:43:00+05:30,21845.5,21845.5,21836.9,21844.4,0
2024-02-15T12:44:00+05:30,21844.1,21850.55,21842.15,21850.25,0
2024-02-15T12:45:00+05:30,21849.8,21850.05,21843.1,21846.0,0
2024-02-15T12:46:00+05:30,21845.9,21845.9,21836.15,21844.85,0
2024-02-15T12:47:00+05:30,21845.15,21845.8,21840.9,21843.55,0
2024-02-15T12:48:00+05:30,21843.9,21851.5,21842.9,21851.5,0
2024-02-15T12:49:00+05:30,21851.6,21863.9,21851.15,21863.25,0
2024-02-15T12:50:00+05:30,21863.2,21863.4,21854.85,21858.35,0
2024-02-15T12:51:00+05:30,21857.55,21858.2,21852.5,21857.8,0
2024-02-15T12:52:00+05:30,21857.85,21870.15,21855.1,21868.1,0
2024-02-15T12:53:00+05:30,21867.55,21867.7,21858.35,21861.45,0
2024-02-15T12:54:00+05:30,21861.0,21861.3,21853.5,21856.0,0
2024-02-15T12:55:00+05:30,21855.8,21862.0,21852.4,21861.9,0
2024-02-15T12:56:00+05:30,21861.45,21864.0,21857.8,21859.1,0
2024-02-15T12:57:00+05:30,21858.2,21858.45,21852.15,21857.05,0
2024-02-15T12:58:00+05:30,21856.3,21858.5,21854.8,21855.8,0
2024-02-15T12:59:00+05:30,21856.5,21860.4,21853.8,21858.1,0
2024-02-15T13:00:00+05:30,21858.75,21859.35,21853.0,21854.45,0
2024-02-15T13:01:00+05:30,21854.3,21856.65,21851.55,21856.1,0
2024-02-15T13:02:00+05:30,21855.35,21855.4,21845.9,21854.9,0
2024-02-15T13:03:00+05:30,21853.6,21861.9,21853.25,21861.4,0
2024-02-15T13:04:00+05:30,21861.65,21865.4,21859.55,21863.8,0
2024-02-15T13:05:00+05:30,21863.9,21865.3,21859.0,21863.2,0
2024-02-15T13:06:00+05:30,21863.05,21864.1,21859.25,21861.3,0
2024-02-15T13:07:00+05:30,21861.5,21864.55,21860.9,21861.25,0
2024-02-15T13:08:00+05:30,21861.15,21863.0,21857.55,21858.6,0
2024-02-15T13:09:00+05:30,21859.55,21859.55,21856.35,21858.3,0
2024-02-15T13:10:00+05:30,21858.55,21862.5,21852.8,21861.45,0
2024-02-15T13:11:00+05:30,21862.6,21864.3,21858.15,21862.6,0
2024-02-15T13:12:00+05:30,21862.9,21864.45,21860.45,21862.75,0
2024-02-15T13:13:00+05:30,21862.05,21864.35,21860.15,21863.85,0
2024-02-15T13:14:00+05:30,21863.45,21865.8,21859.95,21861.25,0
2024-02-15T13:15:00+05:30,21861.85,21863.9,21859.7,21860.0,0
2024-02-15T13:16:00+05:30,21859.55,21859.95,21854.05,21856.5,0
2024-02-15T13:17:00+05:30,21856.75,21856.75,21849.7,21851.9,0
2024-02-15T13:18:00+05:30,21851.45,21856.3,21850.65,21855.6,0
2024-02-15T13:19:00+05:30,21854.25,21855.3,21845.25,21845.25,0
2024-02-15T13:20:00+05:30,21845.15,21859.0,21838.65,21858.45,0
2024-02-15T13:21:00+05:30,21857.55,21867.1,21857.55,21864.25,0
2024-02-15T13:22:00+05:30,21864.95,21869.75,21863.4,21867.65,0
2024-02-15T13:23:00+05:30,21866.95,21875.75,21863.7,21870.85,0
2024-02-15T13:24:00+05:30,21874.15,21875.25,21861.65,21861.65,0
2024-02-15T13:25:00+05:30,21860.95,21860.95,21850.8,21851.6,0
2024-02-15T13:26:00+05:30,21850.25,21857.05,21850.25,21856.5,0
2024-02-15T13:27:00+05:30,21855.7,21864.15,21855.5,21863.05,0
2024-02-15T13:28:00+05:30,21862.65,21868.75,21860.45,21868.75,0
2024-02-15T13:29:00+05:30,21868.0,21870.15,21865.95,21868.55,0
2024-02-15T13:30:00+05:30,21868.45,21874.3,21867.65,21872.6,0
2024-02-15T13:31:00+05:30,21872.95,21874.45,21867.15,21868.35,0
2024-02-15T13:32:00+05:30,21868.55,21870.15,21860.7,21861.1,0
2024-02-15T13:33:00+05:30,21861.8,21872.6,21860.95,21870.85,0
2024-02-15T13:34:00+05:30,21869.15,21870.85,21863.25,21866.3,0
2024-02-15T13:35:00+05:30,21866.4,21876.1,21865.05,21875.75,0
2024-02-15T13:36:00+05:30,21875.05,21879.0,21874.75,21878.15,0
2024-02-15T13:37:00+05:30,21876.9,21878.8,21874.6,21877.0,0
2024-02-15T13:38:00+05:30,21876.1,21893.0,21874.0,21891.7,0
2024-02-15T13:39:00+05:30,21891.0,21916.4,21888.35,21916.4,0
2024-02-15T13:40:00+05:30,21916.85,21925.5,21907.9,21922.95,0
2024-02-15T13:41:00+05:30,21920.1,21941.0,21915.05,21937.3,0
2024-02-15T13:42:00+05:30,21935.9,21942.3,21932.45,21932.65,0
2024-02-15T13:43:00+05:30,21933.4,21948.1,21931.05,21948.1,0
2024-02-15T13:44:00+05:30,21945.0,21946.8,21941.75,21943.95,0
2024-02-15T13:45:00+05:30,21942.65,21944.35,21927.9,21930.4,0
2024-02-15T13:46:00+05:30,21931.4,21944.65,21930.55,21943.0,0
2024-02-15T13:47:00+05:30,21941.45,21946.95,21938.1,21945.3,0
2024-02-15T13:48:00+05:30,21944.1,21946.2,21939.65,21941.05,0
2024-02-15T13:49:00+05:30,21941.95,21948.1,21937.1,21943.3,0
2024-02-15T13:50:00+05:30,21942.85,21946.35,21941.6,21942.65,0
2024-02-15T13:51:00+05:30,21941.9,21942.05,21934.6,21936.75,0
2024-02-15T13:52:00+05:30,21936.95,21949.35,21935.7,21948.8,0
2024-02-15T13:53:00+05:30,21948.45,21951.15,21937.1,21937.85,0
2024-02-15T13:54:00+05:30,21938.1,21939.05,21933.55,21939.05,0
2024-02-15T13:55:00+05:30,21937.8,21939.15,21924.2,21925.05,0
2024-02-15T13:56:00+05:30,21925.55,21935.85,21922.1,21934.85,0
2024-02-15T13:57:00+05:30,21934.4,21950.7,21934.4,21947.6,0
2024-02-15T13:58:00+05:30,21947.4,21950.1,21944.75,21944.9,0
2024-02-15T13:59:00+05:30,21945.85,21952.8,21945.1,21952.8,0
2024-02-15T14:00:00+05:30,21951.4,21952.25,21940.5,21942.65,0
2024-02-15T14:01:00+05:30,21941.0,21943.0,21928.95,21932.45,0
2024-02-15T14:02:00+05:30,21932.1,21936.35,21931.5,21935.75,0
2024-02-15T14:03:00+05:30,21934.6,21936.1,21930.65,21931.9,0
2024-02-15T14:04:00+05:30,21929.95,21932.8,21917.3,21919.65,0
2024-02-15T14:05:00+05:30,21919.0,21935.05,21916.9,21931.9,0
2024-02-15T14:06:00+05:30,21932.1,21933.4,21923.5,21931.7,0
2024-02-15T14:07:00+05:30,21930.6,21933.7,21930.0,21931.55,0
2024-02-15T14:08:00+05:30,21931.4,21937.8,21929.0,21936.5,0
2024-02-15T14:09:00+05:30,21936.15,21937.4,21930.1,21933.65,0
2024-02-15T14:10:00+05:30,21932.8,21941.45,21932.2,21941.45,0
2024-02-15T14:11:00+05:30,21939.85,21944.35,21937.35,21940.6,0
2024-02-15T14:12:00+05:30,21941.15,21942.9,21935.95,21938.4,0
2024-02-15T14:13:00+05:30,21937.7,21937.7,21923.95,21929.15,0
2024-02-15T14:14:00+05:30,21928.8,21928.95,21914.75,21914.75,0
2024-02-15T14:15:00+05:30,21913.1,21916.1,21901.0,21901.5,0
2024-02-15T14:16:00+05:30,21902.15,21917.85,21901.5,21912.0,0
2024-02-15T14:17:00+05:30,21911.9,21912.75,21905.3,21909.1,0
2024-02-15T14:18:00+05:30,21908.3,21912.8,21898.65,21903.95,0
2024-02-15T14:19:00+05:30,21902.5,21912.0,21901.3,21904.95,0
2024-02-15T14:20:00+05:30,21904.75,21907.7,21898.5,21906.65,0
2024-02-15T14:21:00+05:30,21906.25,21908.3,21902.3,21906.3,0
2024-02-15T14:22:00+05:30,21906.55,21907.5,21900.35,21905.0,0
2024-02-15T14:23:00+05:30,21904.15,21914.4,21900.15,21910.8,0
2024-02-15T14:24:00+05:30,21910.35,21911.2,21879.45,21881.9,0
2024-02-15T14:25:00+05:30,21882.1,21885.9,21874.6,21883.75,0
2024-02-15T14:26:00+05:30,21882.9,21894.4,21881.2,21890.95,0
2024-02-15T14:27:00+05:30,21891.55,21899.95,21890.25,21895.5,0
2024-02-15T14:28:00+05:30,21895.85,21897.25,21888.2,21892.8,0
2024-02-15T14:29:00+05:30,21893.05,21897.0,21892.0,21892.4,0
2024-02-15T14:30:00+05:30,21892.9,21904.15,21892.9,21901.8,0
2024-02-15T14:31:00+05:30,21902.15,21906.25,21894.3,21894.3,0
2024-02-15T14:32:00+05:30,21893.8,21897.1,21884.5,21886.45,0
2024-02-15T14:33:00+05:30,21884.85,21900.1,21883.6,21897.95,0
2024-02-15T14:34:00+05:30,21897.75,21898.55,21888.2,21890.55,0
2024-02-15T14:35:00+05:30,21889.75,21895.75,21888.2,21888.2,0
2024-02-15T14:36:00+05:30,21887.75,21892.65,21886.85,21889.65,0
2024-02-15T14:37:00+05:30,21892.05,21895.75,21888.15,21894.75,0
2024-02-15T14:38:00+05:30,21894.55,21900.1,21892.35,21899.85,0
2024-02-15T14:39:00+05:30,21896.2,21906.1,21895.0,21906.1,0
2024-02-15T14:40:00+05:30,21902.3,21904.7,21900.1,21903.0,0
2024-02-15T14:41:00+05:30,21903.2,21905.3,21898.0,21902.95,0
2024-02-15T14:42:00+05:30,21900.6,21902.15,21895.15,21901.25,0
2024-02-15T14:43:00+05:30,21899.9,21904.35,21897.4,21904.35,0
2024-02-15T14:44:00+05:30,21905.0,21905.0,21898.65,21902.0,0
2024-02-15T14:45:00+05:30,21903.6,21912.95,21903.6,21908.85,0
2024-02-15T14:46:00+05:30,21910.75,21912.1,21907.05,21910.6,0
2024-02-15T14:47:00+05:30,21910.5,21911.4,21903.65,21907.2,0
2024-02-15T14:48:00+05:30,21907.9,21908.15,21896.5,21903.15,0
2024-02-15T14:49:00+05:30,21900.15,21906.0,21897.7,21906.0,0
2024-02-15T14:50:00+05:30,21905.4,21911.85,21903.65,21911.85,0
2024-02-15T14:51:00+05:30,21911.55,21920.45,21911.55,21919.85,0
2024-02-15T14:52:00+05:30,21917.45,21928.85,21917.45,21922.55,0
2024-02-15T14:53:00+05:30,21922.3,21923.05,21909.7,21911.4,0
2024-02-15T14:54:00+05:30,21910.6,21921.2,21910.2,21919.25,0
2024-02-15T14:55:00+05:30,21919.55,21923.9,21916.85,21919.35,0
2024-02-15T14:56:00+05:30,21919.85,21921.7,21909.65,21909.8,0
2024-02-15T14:57:00+05:30,21909.5,21912.55,21899.3,21912.1,0
2024-02-15T14:58:00+05:30,21912.05,21921.3,21900.9,21900.9,0
2024-02-15T14:59:00+05:30,21903.15,21910.7,21898.7,21910.7,0
2024-02-15T15:00:00+05:30,21909.95,21913.15,21901.8,21905.55,0
2024-02-15T15:01:00+05:30,21902.45,21912.55,21895.3,21912.55,0
2024-02-15T15:02:00+05:30,21910.85,21918.85,21903.75,21903.75,0
2024-02-15T15:03:00+05:30,21902.8,21906.4,21887.75,21889.0,0
2024-02-15T15:04:00+05:30,21891.35,21917.75,21891.35,21915.25,0
2024-02-15T15:05:00+05:30,21914.8,21915.8,21912.4,21913.4,0
2024-02-15T15:06:00+05:30,21912.5,21914.15,21895.25,21899.6,0
2024-02-15T15:07:00+05:30,21900.55,21910.85,21900.55,21908.7,0
2024-02-15T15:08:00+05:30,21907.8,21909.3,21902.0,21909.3,0
2024-02-15T15:09:00+05:30,21909.25,21909.25,21896.8,21903.65,0
2024-02-15T15:10:00+05:30,21905.05,21912.9,21905.05,21910.25,0
2024-02-15T15:11:00+05:30,21910.65,21913.9,21895.5,21895.5,0
2024-02-15T15:12:00+05:30,21895.35,21904.95,21893.55,21904.8,0
2024-02-15T15:13:00+05:30,21904.9,21907.0,21900.15,21904.85,0
2024-02-15T15:14:00+05:30,21903.7,21910.95,21903.1,21909.8,0
2024-02-15T15:15:00+05:30,21910.75,21911.1,21907.5,21909.05,0
2024-02-15T15:16:00+05:30,21909.35,21917.75,21908.95,21915.5,0
2024-02-15T15:17:00+05:30,21914.6,21917.1,21911.65,21913.45,0
2024-02-15T15:18:00+05:30,21913.6,21915.35,21907.85,21911.75,0
2024-02-15T15:19:00+05:30,21911.35,21917.05,21911.35,21916.05,0
2024-02-15T15:20:00+05:30,21916.6,21922.95,21914.55,21915.9,0
2024-02-15T15:21:00+05:30,21917.0,21926.1,21917.0,21923.35,0
2024-02-15T15:22:00+05:30,21923.55,21924.7,21920.5,21922.9,0
2024-02-15T15:23:00+05:30,21923.25,21928.35,21922.75,21928.1,0
2024-02-15T15:24:00+05:30,21927.25,21930.35,21925.35,21926.0,0
2024-02-15T15:25:00+05:30,21925.1,21929.45,21924.4,21926.1,0
2024-02-15T15:26:00+05:30,21926.85,21928.3,21923.25,21926.45,0
2024-02-15T15:27:00+05:30,21927.95,21930.6,21926.45,21928.5,0
2024-02-15T15:28:00+05:30,21928.55,21931.05,21923.95,21925.8,0
2024-02-15T15:29:00+05:30,21926.6,21931.15,21924.5,21927.05,0
